generation,0,0,0.0554881,0.0586694,0.0339878,1,0.148292,-0.00154193,0.0423362,2,-0.0885217,-0.096664,0.0314013,3,-0.0445433,0.00120136,0.0302588,4,0.06618,0.17804,0.0302511,5,0.0177582,0.0126735,0.0465314,6,-0.0503686,-0.0768212,0.0370511,7,-0.0127074,0.0156848,0.0328258,8,0.0162527,0.0132923,0.0438772,9,0.0237778,0.0380732,0.0288632,10,0.00851273,0.0567368,0.0311298,11,0.0898968,-0.05694,0.0475814,12,-0.0111018,0.0468029,0.0319693,13,-0.174623,-0.0197601,0.0300932,14,-0.049096,-0.0385105,0.0327387,15,-0.00943416,-0.03997,0.0361316,16,0.00412627,-0.00222147,0.0373749,17,0.00682101,0.296674,0.0391811,18,0.0458985,0.0275278,0.0322779,19,0.0115107,0.0335827,0.0401738,20,-0.0236641,-0.094256,0.0336344,21,0.0240092,0.0429504,0.0338834,22,-0.0217357,-0.0298712,0.0307799,23,0.0689994,-0.0755021,0.0396143,24,0.0291522,-0.0357448,0.0294151,25,-0.010651,0.0967788,0.0287401,26,-0.0777253,0.166073,0.0391403,27,0.0083529,-0.0272587,0.04571,28,0.082849,0.0487562,0.0287119,29,-0.0318798,0.101942,0.029172,30,-0.0438737,-0.0332051,0.0463608,31,0.0058385,0.0233058,0.0409294,32,-0.0808803,0.0213302,0.0381117,33,-0.00128077,0.0620961,0.037772,34,0.0131304,0.00926793,0.0347044,35,0.00856385,-0.092766,0.0303129,36,-0.0219463,-0.151648,0.0310879,37,-0.0715873,-0.028702,0.0340234,38,0.00658256,0.0805875,0.0324761,39,-0.00748395,0.0225391,0.028838,40,0.0470498,0.00374496,0.0286394,41,0.0435967,-0.00775671,0.0362182,42,0.019323,0.0687081,0.037205,43,-0.0097895,0.12947,0.0291517,44,-0.0449378,0.0652039,0.0352492,45,0.0857423,-0.02826,0.0354734,46,0.127083,0.0603899,0.0299056,47,-0.00616996,-0.00487519,0.0355885,48,-0.0184855,-0.0564964,0.02893,49,-0.0173057,0.0164588,0.0404289,50,-0.0181177,-0.00124303,0.0421436,51,-1.81014e-05,-0.0591611,0.0293527,52,0.165396,0.00880129,0.0297481,53,0.0302782,0.0674436,0.0387148,54,0.00908718,0.0404141,0.0322495,55,-0.064867,-0.266432,0.0296432,56,0.0865049,-0.120192,0.0333359,57,-0.0125878,-0.0216751,0.0411148,58,-0.0194054,-0.0176227,0.0432107,59,-0.0172352,-0.0525571,0.0287217,60,-0.0563333,0.0468962,0.0406755,61,0.0207722,0.0937983,0.0330489,62,0.0012981,-0.0697819,0.0357482,63,0.018879,-0.0629622,0.0287633,64,0.0186509,0.0204779,0.0289544,65,-0.0506348,0.00608968,0.0384703,66,0.0893228,0.103933,0.0336999,67,0.0510779,-0.0521309,0.0294472,68,0.0638375,-0.152608,0.0342789,69,-0.0205332,-0.0390442,0.03528,70,0.0368468,0.0973847,0.0286722,71,-0.020007,0.0547455,0.0288324,72,-0.00572002,0.0196975,0.0524556,73,0.0155962,-0.25276,0.0310889,74,-0.020442,0.0353351,0.0300363,75,-0.00293286,0.00409827,0.049208,76,0.011543,-0.0828065,0.0397686,77,-0.00365044,-0.103585,0.0357931,78,-0.0224604,-0.148622,0.0429878,79,0.0404614,-0.055554,0.0409233,80,-0.0338356,-0.0706783,0.0454727,81,0.0295941,-0.0642978,0.0293454,82,0.0295969,-0.202104,0.0516095,83,-0.0375068,-0.0299586,0.0369141,84,0.0139375,0.00682106,0.0368024,85,0.0290381,0.0815582,0.0328873,86,0.0800406,0.240036,0.0396019,87,0.117884,0.0729054,0.0433313,88,0.0654175,-0.150365,0.0399441,89,0.0028693,-0.00432191,0.0340456,90,-0.0430639,-0.0601627,0.0289708,91,0.0239682,-0.081608,0.0310456,92,-0.0572229,-0.0673633,0.0293831,93,-0.0882669,0.00659043,0.0315915,94,0.0915634,-0.113035,0.0286391,95,0.00384432,0.1245,0.0395853,96,-0.0312483,0.0496914,0.0379743,97,-0.0179214,-0.0230616,0.0364195,98,0.00631676,-0.00618568,0.0439136,99,-0.0709706,-0.0592605,0.0288414,
generation,1,0,-0.0122712,0.0334549,0.029912,1,-0.0257967,0.0574646,0.0383143,2,0.0592518,-0.0968995,0.0292946,3,-0.0545246,-0.042488,0.0285772,4,0.108439,-0.075269,0.0440159,5,-0.0376575,-0.00492793,0.0394674,6,-0.147388,-0.247252,0.0354204,7,0.0361631,0.0460549,0.0423409,8,-0.0456807,-0.0423852,0.0404038,9,-0.019676,0.0113214,0.0598695,10,0.0310153,0.0316117,0.0321537,11,0.0733005,0.174779,0.0292122,12,0.0582236,-0.0192912,0.0293282,13,-0.0145541,0.00163994,0.0376069,14,-0.032046,-0.050272,0.0346789,15,-0.019326,-0.0260618,0.0344704,16,-0.0312941,0.0591042,0.0290773,17,7.45883e-05,-0.0196036,0.0325797,18,0.0108863,-0.0427147,0.0360644,19,-0.043957,0.0934013,0.0417836,20,-0.00827392,-0.0144466,0.0307892,21,-0.0743832,0.0145402,0.0309168,22,-0.00296981,-0.0176979,0.0324794,23,0.092134,0.0322707,0.0305947,24,0.0450104,-0.021253,0.0288049,25,-0.0375479,0.0125416,0.0457153,26,-0.0414971,-0.00513771,0.0295623,27,0.00517226,-0.019296,0.0335842,28,0.0254405,0.00987332,0.0289777,29,-0.0352873,0.00389908,0.031189,30,-0.124046,0.16556,0.0354337,31,-0.0173719,0.140268,0.0369978,32,0.0260279,0.0449947,0.0299221,33,0.0190708,0.053732,0.0351199,34,0.0109545,-0.0377089,0.032213,35,0.0451049,-0.104415,0.0383096,36,0.0251086,-0.0445896,0.0428104,37,0.130743,0.0731073,0.0374736,38,-0.0184681,0.0485531,0.0547539,39,-0.000598254,-0.0406215,0.0363032,40,0.0503888,-0.000990852,0.0285798,41,-0.0244615,-0.0265463,0.0387681,42,-0.161633,-0.127134,0.0328756,43,0.0411467,0.000555042,0.0335447,44,-0.00255341,-0.00674606,0.0336792,45,0.0561247,0.00231725,0.033586,46,0.0796694,0.0701344,0.0487577,47,-0.0938437,-0.180342,0.0290555,48,0.0210902,-0.0437879,0.0320002,49,0.0785664,-0.020763,0.0350163,50,0.163471,-0.363098,0.0290061,51,-0.0578792,-0.056979,0.0364224,52,-0.0464159,0.0564712,0.0360169,53,-6.59814e-05,0.0120691,0.0307103,54,0.0091989,-0.0245348,0.0291096,55,-0.03354,-0.0348893,0.0332832,56,0.0776696,-0.0285473,0.0287434,57,-0.00294335,0.119387,0.0485034,58,-0.0424142,-0.0544078,0.0318953,59,0.0073289,0.114371,0.0294448,60,0.0307082,0.0921198,0.0358249,61,0.0330907,-0.0331722,0.0384494,62,-0.0775254,-0.0407859,0.0364176,63,-0.0034001,-0.00383952,0.0435563,64,0.0499828,-0.101374,0.0295689,65,-0.0235954,0.0373339,0.0333497,66,0.0435421,0.0662034,0.0292635,67,-0.0247466,-0.00458089,0.0480142,68,-0.0251921,0.0220543,0.0300933,69,0.00501117,-0.0246629,0.0292363,70,0.0169678,0.087301,0.0316267,71,0.030351,-0.0650474,0.0369527,72,-0.00194395,0.0443541,0.0423838,73,-0.00603334,-0.0109877,0.0347239,74,0.0326756,0.0137244,0.0406722,75,-0.0128105,-0.00642714,0.0339744,76,-0.069521,-0.0273056,0.0309517,77,0.0328793,0.0440964,0.0463066,78,0.0291716,0.00660432,0.0290113,79,-0.116352,-0.199079,0.0328623,80,-0.00741132,-0.105031,0.0336812,81,-0.0255801,0.0273893,0.0287892,82,-0.00441439,-0.0192641,0.0294442,83,-0.0471492,0.0283119,0.0373132,84,0.215132,0.205351,0.0328978,85,-0.0132243,0.0672992,0.0289263,86,0.0199996,0.0328944,0.0367105,87,0.289001,0.112634,0.0341472,88,0.00387061,-0.0447338,0.0292982,89,-0.0113343,-0.0669749,0.0329419,90,0.00689945,-0.11576,0.0320975,91,0.118474,-0.133201,0.0286292,92,-0.0215983,-0.301196,0.0315485,93,0.0508954,0.0455849,0.0523476,94,-0.00664732,-0.0404716,0.029172,95,0.0277432,0.14954,0.0322671,96,0.0118885,-0.0086808,0.0368196,97,-0.0027485,-0.0375542,0.0460525,98,0.0151273,-0.00548294,0.0368784,99,-0.104798,0.048266,0.0345232,
generation,2,0,-0.0469994,0.0505975,0.0302436,1,-0.133825,-0.0243635,0.0386324,2,0.0183879,0.0482938,0.0393091,3,-0.056985,0.00851646,0.0361392,4,0.0252144,0.0367524,0.0435593,5,-0.0517766,-0.134605,0.0412322,6,0.0163053,0.133254,0.0385364,7,-0.0140196,0.0120373,0.0337076,8,-0.0315094,0.0173027,0.0497793,9,-0.197906,0.139355,0.0300689,10,0.00609021,-0.00120784,0.0311312,11,-0.0120591,-0.0468621,0.0334105,12,-0.150473,-0.143409,0.0335271,13,-0.0524441,-0.0238828,0.0426517,14,-0.0164416,0.0148201,0.0321084,15,-0.0707736,-0.104542,0.030355,16,-0.0227631,0.0130816,0.0353081,17,0.0334617,0.0517285,0.0422951,18,0.0370433,0.0329797,0.0462793,19,0.00506533,0.0576852,0.0341996,20,-0.0344125,-0.128603,0.0301382,21,0.0292393,-0.00523496,0.0298396,22,-0.00726053,-0.0342785,0.0292032,23,-0.0735231,0.00687357,0.0411124,24,0.00265753,0.135628,0.0294611,25,0.0177476,0.0148926,0.0404978,26,0.0433667,-0.0405822,0.0364901,27,-0.00859112,0.0947395,0.0436374,28,0.0014833,-0.008816,0.0409954,29,-0.0848607,-0.00674484,0.0400117,30,0.0180486,0.0676867,0.0304733,31,-0.045851,0.0283806,0.0301299,32,-0.091031,-0.132242,0.0389269,33,-0.0281934,0.0269171,0.0408111,34,0.0390807,-0.0482016,0.0395345,35,0.0132236,0.0746238,0.044528,36,0.164674,0.247292,0.0399958,37,0.041283,-0.0186006,0.0362692,38,0.161089,-0.0936302,0.040136,39,0.00243509,0.109199,0.0296463,40,-0.000888629,-0.153445,0.0480323,41,-0.203769,-0.149145,0.0372808,42,-0.0428432,0.0728481,0.0312875,43,-0.0619084,-0.110662,0.0287699,44,0.0893135,-0.12294,0.0337437,45,0.0647898,0.0349752,0.0471068,46,-0.00481931,-0.0523752,0.0291532,47,0.00687971,-0.0472131,0.034494,48,0.0177138,0.0478523,0.0285991,49,-0.101098,-0.0641886,0.0306606,50,0.0124492,0.0445493,0.031568,51,-0.0359184,-0.0101499,0.0348796,52,0.0147321,-0.00381864,0.036101,53,0.0802885,0.03084,0.0429663,54,0.00728091,0.0685991,0.0363089,55,-0.0349747,-0.0854816,0.0323661,56,-0.00780948,-0.00666411,0.0336416,57,0.0602213,0.244839,0.0290582,58,-0.029358,0.00641748,0.0294476,59,-0.0127015,0.0289584,0.0395532,60,-0.114204,0.11129,0.0312771,61,0.01484,-0.0177809,0.0403204,62,-0.028842,0.0893713,0.033175,63,-0.0314666,0.0951933,0.0391947,64,-0.0030297,-0.0700667,0.0439448,65,0.00463357,0.030262,0.0297655,66,-0.00124694,-0.00823906,0.0286777,67,-0.0164305,-0.0743361,0.0375824,68,-0.00276524,-0.0554981,0.0482225,69,0.0212203,-0.0166904,0.0383053,70,0.0546329,-0.0189251,0.0362,71,0.00707539,-0.00212504,0.0363165,72,0.0061462,-0.0811494,0.0289201,73,0.0274077,0.0215361,0.0349109,74,-0.00727871,0.0233063,0.031732,75,-0.0329963,-0.0791347,0.0333903,76,-0.106722,-0.0201322,0.0439368,77,-0.0216757,-0.0278589,0.0291943,78,-0.0483866,0.0172544,0.0404258,79,0.0140832,0.0850334,0.0392329,80,-0.00915131,0.0508417,0.032091,81,-0.0811155,-0.150188,0.0352528,82,-0.0137133,0.0193302,0.0373208,83,-0.233842,-0.0489822,0.0286703,84,0.0222805,0.0604831,0.0381901,85,0.041389,-0.134857,0.0288251,86,-0.0396861,-0.0532387,0.0291175,87,-0.0141115,0.0389756,0.0439213,88,-0.112105,-0.0470848,0.0357104,89,0.0642373,0.0267308,0.0349191,90,-0.0103089,0.0924949,0.0407534,91,-0.0397991,-0.0484833,0.0454302,92,-0.0139252,0.0342036,0.0290978,93,-0.024526,0.0183368,0.0391007,94,-0.0320292,-0.0282285,0.0472936,95,-0.0123657,-0.016165,0.0405013,96,0.0256553,-0.000407044,0.0301226,97,0.0585328,0.0461598,0.0301606,98,-0.0189489,0.0609225,0.0364097,99,-0.15257,0.0892447,0.0306782,
generation,3,0,0.0467206,-0.0174482,0.0294755,1,0.00826142,-0.0270062,0.0286783,2,-0.0250702,-0.103473,0.0425723,3,0.0517955,0.0170725,0.0389969,4,-0.0353926,-0.0761105,0.0361593,5,0.0146852,0.0257367,0.037641,6,0.10935,0.208398,0.0303362,7,0.311525,0.00495881,0.0296643,8,0.00814693,-0.105069,0.0399187,9,-0.00809134,-0.0677859,0.0344762,10,0.0684086,0.111181,0.0375258,11,0.0458525,0.00401901,0.035209,12,-0.0258451,0.058503,0.0351507,13,0.142456,0.0410281,0.0290601,14,-0.0426149,-0.0213504,0.0409802,15,0.0418875,-0.0923534,0.0289886,16,-0.0259374,0.194387,0.0293876,17,0.00522949,-0.0351065,0.0369726,18,-0.0167051,-0.0356525,0.0385266,19,0.0705051,0.0554728,0.0355664,20,-0.111133,0.00207028,0.0416195,21,0.039317,-0.0462753,0.0327116,22,-0.0313026,-0.0122925,0.0386634,23,0.0219043,0.160021,0.0359588,24,0.0702234,-0.116381,0.0354376,25,0.0402953,0.0953915,0.0292457,26,-0.00626395,-0.16656,0.0370992,27,-0.13891,-0.0728785,0.0299736,28,0.0311779,-0.0440192,0.0340127,29,-0.0156721,0.0275899,0.0327036,30,-0.0785494,0.196259,0.0340322,31,-0.0499456,-0.0395784,0.0341057,32,0.0236769,0.114963,0.0350783,33,0.00504755,0.107818,0.0288851,34,-0.00243356,-0.0410471,0.0486922,35,0.25867,-0.057368,0.0290572,36,-0.0064813,-0.0442115,0.0447104,37,-0.0177973,0.0361884,0.0286329,38,-0.0211895,0.0228797,0.0339834,39,-0.0731208,0.0443429,0.0289931,40,-0.0485843,0.0198808,0.0287356,41,-0.0536787,0.0124998,0.0354879,42,0.0557247,0.0189149,0.0325739,43,0.0151909,0.0443019,0.0392465,44,0.010218,-0.140987,0.0544674,45,0.200912,-0.345437,0.0310796,46,-0.0979182,0.0552852,0.0352062,47,0.160541,0.116648,0.0331625,48,-0.0896957,0.0602834,0.0328065,49,0.0583729,-0.125043,0.0369699,50,-0.0142536,0.0401441,0.0291097,51,-0.0550232,-0.160504,0.0315892,52,-0.0472148,-0.0661172,0.0412235,53,0.0723422,0.0927115,0.0484798,54,0.000302864,-0.0741652,0.033245,55,-0.10244,0.0192254,0.028658,56,-0.0155602,0.102967,0.0300054,57,-1.56173e-05,0.0419598,0.055392,58,-0.0302254,0.131954,0.0602474,59,-0.00788892,-0.113046,0.0372973,60,-0.00392477,-0.0922773,0.0287098,61,0.0259972,0.0897554,0.0344155,62,-0.0357542,-0.0317541,0.0303706,63,-0.0301345,-0.0682397,0.0420939,64,-0.0195702,0.0156951,0.038478,65,-0.0050279,0.0564807,0.0379628,66,0.0155752,0.00893055,0.0375519,67,0.000884418,0.00724691,0.0439986,68,-0.0257597,-0.107964,0.0364377,69,-0.0794995,-0.0310953,0.0359772,70,-0.0206786,-0.0194905,0.0336094,71,0.0288138,0.021735,0.034832,72,-0.0221943,0.0419043,0.0386795,73,0.00283271,0.0962753,0.0365434,74,-0.176345,-0.229636,0.0354582,75,0.100403,0.138222,0.0395925,76,-0.0293498,-0.0697703,0.0411598,77,0.0480321,0.0947396,0.0288953,78,0.0599828,-0.0797526,0.0358187,79,0.109989,0.105591,0.0289828,80,-0.0955195,-0.0295874,0.0322674,81,0.00446827,-0.0109592,0.0286343,82,0.00184786,0.0631123,0.0373101,83,-0.0273981,0.0154032,0.0324121,84,-0.0212111,0.096436,0.0410555,85,0.0291847,-0.0803995,0.0439168,86,-0.0179789,-0.0632182,0.0410897,87,-0.00823014,-0.0430774,0.0445707,88,0.0163473,-0.0104341,0.0291225,89,0.0158388,0.0281252,0.0324062,90,-0.113035,0.0299113,0.0463919,91,-0.0966058,-0.0757297,0.0287679,92,0.0578186,0.00114926,0.0365321,93,0.1122,0.0519602,0.0296742,94,0.0819705,-0.0107902,0.0306698,95,-0.0182603,-0.0673669,0.0308991,96,0.127917,0.0700634,0.0292261,97,0.100081,0.163975,0.0359267,98,-0.0242861,0.0322164,0.0413696,99,0.012326,-0.021247,0.0315234,
generation,4,0,-0.0368437,0.0591081,0.0334501,1,-0.0443624,-0.291,0.0293052,2,-0.00422008,0.00510161,0.0358722,3,0.00412778,-0.0763511,0.0328283,4,0.0556572,-0.00159213,0.0317632,5,-0.000452819,0.199596,0.048999,6,0.0535621,0.0491254,0.0364693,7,-0.00829759,0.0670043,0.0315383,8,-0.00415335,0.0574125,0.0294896,9,0.247238,0.034331,0.0328109,10,-0.00792417,-0.033945,0.0292906,11,-0.0718502,-0.07726,0.0396482,12,-0.0111488,-0.0241124,0.029636,13,-0.0122781,-0.183609,0.0325614,14,0.0236429,6.07833e-05,0.0366426,15,-0.0209085,0.0444724,0.0377008,16,-0.0734794,-0.0604029,0.0293046,17,0.131787,0.0972577,0.0375373,18,0.0265028,0.0132188,0.0292478,19,-0.0107019,0.0457034,0.0345871,20,0.0207591,-0.0105566,0.0291806,21,-0.0777347,-0.0128483,0.0416626,22,0.0265337,-0.149435,0.0291284,23,-0.0895415,0.100224,0.032609,24,0.0608977,0.0341551,0.0329772,25,0.0130833,0.0529938,0.039447,26,0.0144114,-0.0547731,0.0443517,27,-0.0123216,-0.101073,0.0329554,28,-0.0416279,-0.0106503,0.0289666,29,0.0580424,-0.00715231,0.0516978,30,-0.0105426,-0.0347318,0.0469599,31,-0.0283224,-0.0174299,0.0309754,32,-0.00919596,0.0652399,0.0358012,33,0.00394264,0.108599,0.0358675,34,-0.051912,-0.180747,0.0389375,35,-0.0363841,-0.173206,0.031195,36,0.0347076,0.134129,0.0302104,37,-0.0181329,0.00983576,0.0522996,38,-0.0116355,0.0118768,0.0331164,39,0.181009,0.265649,0.0300301,40,-0.000115486,0.102424,0.0373891,41,0.0297788,0.018912,0.0403747,42,-0.140879,-0.174577,0.0330907,43,0.00450633,0.0471652,0.0360926,44,-0.0214937,0.0507171,0.0353261,45,-0.081346,-0.0232564,0.0311835,46,-0.011025,-0.0766603,0.0317477,47,-0.0511023,-0.146311,0.0348109,48,0.0520731,-0.0878466,0.0286346,49,0.0941408,0.0402979,0.0348645,50,-0.0109223,0.0505214,0.0294841,51,0.00527663,0.00923664,0.0287065,52,-0.0147469,0.0306485,0.0459147,53,-0.00192066,-0.104221,0.0436011,54,0.00958253,-0.0882158,0.0378009,55,0.0170416,0.0956423,0.0353876,56,-0.020176,0.141241,0.0391254,57,0.0888612,0.0597081,0.0298739,58,-0.068483,-0.0954829,0.0359945,59,-0.0425837,0.0471988,0.0384206,60,-0.0172786,0.0274305,0.0384034,61,0.0639894,0.128515,0.0299907,62,-0.162032,0.0171129,0.0287875,63,0.0329505,-0.0249345,0.0307128,64,0.0513157,0.162048,0.0403687,65,0.0279518,-0.138156,0.0366592,66,-0.00793407,0.034979,0.0328678,67,-0.138583,0.0472102,0.0368524,68,-0.0107321,0.131561,0.0354006,69,-0.0208693,-0.0282341,0.0366767,70,-0.0156776,-0.0522683,0.0325906,71,-0.00654705,-0.229177,0.0302123,72,-0.0683851,0.151285,0.0316636,73,-0.093999,0.019567,0.0294439,74,0.0511462,-0.0250788,0.0349224,75,0.0499553,0.124171,0.028953,76,0.109378,0.0879675,0.0291343,77,0.0204268,0.0531876,0.0484379,78,0.0242611,-0.0483564,0.0442484,79,-0.0923069,-0.115134,0.0390861,80,-0.155941,0.0855955,0.0326466,81,0.0409587,0.0399624,0.0288954,82,-0.00914203,0.108542,0.0329691,83,-0.0697387,0.015861,0.0415513,84,-0.0427308,0.0467648,0.037071,85,-0.0308747,-0.00411427,0.0439297,86,0.0130328,0.0544121,0.0362008,87,0.038814,0.0247556,0.0486536,88,-0.0366611,-0.0147347,0.0429213,89,0.00682091,-0.0599132,0.0342968,90,0.0516579,0.0233879,0.0299068,91,0.0385691,-0.0146849,0.0423859,92,-0.0206898,-0.00728003,0.0287195,93,0.0457486,-0.00463566,0.0398456,94,0.00785542,-0.053767,0.0286174,95,-0.0401307,0.047185,0.0402011,96,3.45515e-05,-0.0355108,0.0290887,97,-0.0997961,-0.120607,0.0399992,98,-0.00853595,0.0354297,0.0494889,99,-0.0103062,0.000286167,0.0286898,
generation,5,0,0.0100239,-0.0184421,0.0429021,1,0.00442837,-0.0685113,0.0291926,2,-0.10971,-0.0679301,0.0361929,3,-0.0113028,-0.0427205,0.0427975,4,0.0196929,0.0782385,0.0291361,5,-0.0740813,0.0309691,0.034955,6,-0.0344563,-0.140053,0.0297618,7,0.0353638,0.243082,0.0392337,8,0.00645138,0.00821658,0.032314,9,-0.00820196,-0.0529665,0.0395524,10,0.0179878,-0.120742,0.0307602,11,-0.0519969,-0.0955019,0.0298917,12,-0.154874,-0.299223,0.0289553,13,0.0511964,-0.0489902,0.0339096,14,-0.0375186,0.0311753,0.0292302,15,0.0951344,-0.0408839,0.0397892,16,-0.0487194,-0.000230778,0.0305884,17,-0.0165097,0.0086494,0.034309,18,-0.0879765,-0.15908,0.0581894,19,0.259762,0.10209,0.0384178,20,0.00664901,0.072232,0.0336958,21,0.0256852,0.0768833,0.0362387,22,-0.0058475,0.113982,0.0568279,23,0.00145015,-0.000870121,0.0300979,24,0.0227916,0.0374918,0.0417735,25,0.0497866,0.0285728,0.040622,26,-0.0406922,-0.0473172,0.0334478,27,-0.0261366,0.0470535,0.036029,28,0.00522461,0.0692091,0.0386436,29,-0.0400095,0.0254101,0.0296825,30,0.0527691,0.0699179,0.0417084,31,0.0514246,0.0194619,0.0400957,32,0.0632562,-0.0388213,0.0345192,33,-0.0666391,-0.109579,0.0404162,34,0.0689813,0.0389817,0.0362921,35,-0.0218362,-0.00801574,0.0375609,36,0.0514128,-0.0895663,0.0401598,37,0.0226262,0.0645098,0.0333467,38,-0.00239657,-0.00215053,0.0287401,39,-0.0275973,0.0019167,0.037062,40,0.00752476,0.0233732,0.0301255,41,-0.0594351,-0.0592436,0.0342449,42,-0.00875035,-0.00318478,0.0294634,43,0.00359264,-0.0295088,0.0374261,44,0.0577007,-0.107589,0.0325832,45,0.029386,-0.0297306,0.0319189,46,-0.0282789,0.0905229,0.0399676,47,-0.0280037,0.0587676,0.0576994,48,0.0517054,-0.153566,0.0522623,49,0.035766,0.0086433,0.0305706,50,0.0714174,-0.0172335,0.0358252,51,-0.0571249,0.00238472,0.043154,52,0.0440828,0.0652707,0.0382504,53,-0.0126656,-0.0543929,0.0396087,54,-0.0619083,-0.0672058,0.0286977,55,0.0207954,0.13506,0.0376711,56,-0.10104,-0.0350112,0.0325965,57,-0.0248872,-0.0881873,0.0428444,58,-0.0725146,0.188674,0.0385768,59,0.027989,0.0484558,0.0385139,60,0.00602021,-0.0167332,0.034346,61,0.0396532,-0.109169,0.0322,62,0.021758,-0.0668929,0.0343054,63,-0.0554084,-0.0958916,0.0332138,64,0.0747262,0.00119647,0.0339496,65,0.00763637,-0.0916076,0.0348756,66,-0.0135655,0.0449177,0.0335501,67,0.094437,0.0869152,0.0421879,68,0.0498706,0.0597102,0.02862,69,0.0178837,0.1425,0.0359275,70,0.00468829,0.027979,0.0318678,71,-0.123272,0.0895689,0.0457624,72,0.0285421,0.0373572,0.028891,73,-0.0297099,-0.00887753,0.0327736,74,-0.0703209,-0.0544515,0.0359686,75,-0.0136709,0.0456395,0.0356415,76,0.055759,0.170338,0.029964,77,0.00880832,-0.0223941,0.0404229,78,-0.0326699,0.194097,0.0366771,79,0.105364,0.148443,0.0320807,80,0.0285862,-0.0251391,0.0354083,81,0.076015,0.20801,0.0308917,82,-0.12023,-0.0484791,0.0329416,83,-0.0654694,0.0155611,0.0317073,84,-0.0507776,0.106585,0.0299126,85,0.0320439,-0.054881,0.0338728,86,-0.00141333,0.0226563,0.0377209,87,-0.0127284,0.000263264,0.0377666,88,-0.00357982,0.0138798,0.0403539,89,-0.0151328,0.0836933,0.0338661,90,0.0420556,-0.0212069,0.0380251,91,0.00924878,-0.0154332,0.0428561,92,0.0777145,0.137513,0.0400545,93,-0.0186483,0.0428767,0.044841,94,-0.0295704,-0.025981,0.0356097,95,0.127438,0.0808481,0.0605644,96,0.0898308,-0.0180322,0.0327216,97,-0.0394365,0.0602524,0.0293443,98,0.0362474,0.0301156,0.0290351,99,0.147323,0.0781836,0.0286721,
generation,6,0,-0.0633175,-0.0648481,0.0384012,1,-0.0223364,-0.0744085,0.0365015,2,-0.00785587,0.0153241,0.0296352,3,-0.0423591,0.0292017,0.0353742,4,0.0742279,-0.0410969,0.0408483,5,-0.0101353,-0.197905,0.03068,6,-0.0163412,0.0725098,0.0372512,7,0.0356505,-0.0787659,0.0322789,8,0.0178758,0.099455,0.0346579,9,0.106049,0.149873,0.0288088,10,0.0221095,-0.0869223,0.0337867,11,0.0323836,-0.00707876,0.0406931,12,-0.00352834,0.005614,0.0372302,13,0.067294,0.0974901,0.0441472,14,0.0604935,-0.061547,0.0348298,15,0.0775601,0.0480841,0.0295352,16,-0.00464863,-0.137625,0.0388951,17,0.0066928,-0.0736492,0.0437978,18,-0.0583666,0.0740808,0.0302194,19,0.0148415,0.0509945,0.029146,20,0.0291791,0.118996,0.0380595,21,0.0907211,-0.0032766,0.0346856,22,0.0348342,-0.029377,0.0289068,23,0.0335345,0.0102863,0.032496,24,0.00492143,0.100037,0.0422366,25,-0.134146,-0.130654,0.0396943,26,0.0561722,-0.0885356,0.0329134,27,-0.0708658,-0.0854736,0.0300149,28,-0.0285107,0.028388,0.0427344,29,-0.0108387,0.0589151,0.0341722,30,-0.0142255,-0.0962801,0.0300298,31,0.0873696,0.163117,0.0345771,32,0.0551173,0.0968259,0.0292389,33,-0.0229429,-0.00119868,0.0328983,34,0.101517,0.00827799,0.0406289,35,-0.0201905,-0.0217176,0.0343521,36,-0.044956,-0.0199307,0.0300685,37,-0.00076243,0.0347846,0.037073,38,0.0136895,0.0578871,0.0306105,39,-0.0467393,0.0438082,0.0286305,40,-0.148774,0.0799098,0.0287521,41,-0.0187334,-0.0020829,0.0373326,42,-0.123544,-0.145452,0.0393197,43,-0.00509248,0.0184688,0.0320236,44,0.0637473,0.0275528,0.0376493,45,-0.0742675,-0.153501,0.0341369,46,-0.0309053,0.0134544,0.0417189,47,0.00647656,-0.0211158,0.0339362,48,0.0106747,0.0968696,0.0348885,49,-0.00187869,-0.0316875,0.0494102,50,0.0836349,0.0708839,0.0469441,51,-0.00271034,0.0361816,0.0357803,52,0.136778,-0.126032,0.0289492,53,0.0702954,-0.0122871,0.0361022,54,-0.040656,-0.122566,0.0340528,55,-0.0416267,-0.0404913,0.0363507,56,0.0899516,0.0269932,0.033109,57,-0.0391205,-0.0200438,0.0339143,58,-0.0246599,0.00848594,0.0288314,59,-0.0622045,0.00436656,0.0330252,60,-0.0183929,-0.146962,0.0365163,61,0.00328514,-0.0921588,0.0413585,62,0.00378675,0.0648615,0.0289057,63,0.00818171,0.00577773,0.0364755,64,0.00243027,0.0101801,0.0288417,65,0.0277643,-0.0325415,0.0375137,66,-0.0454857,-0.0484242,0.0439604,67,-0.0133076,0.0691887,0.0315808,68,-0.00754422,-0.0176316,0.0294416,69,0.0705023,0.0784035,0.0288694,70,0.0973343,-0.0710832,0.0374816,71,-0.00260538,-0.165301,0.0287722,72,-0.0262961,0.0637751,0.0448352,73,0.00909382,0.101037,0.0294922,74,0.0294886,0.0640983,0.0380976,75,0.0413861,-0.177961,0.0291897,76,0.0135248,-0.0791671,0.0373887,77,0.0226953,-0.0439874,0.0331491,78,0.0255056,-0.0379614,0.029499,79,0.0113596,-0.00356239,0.0328102,80,0.0284918,-0.111412,0.0327912,81,-0.0252861,0.092791,0.0318611,82,-0.0159155,-0.0491458,0.0314645,83,0.0189618,-0.0149166,0.0416814,84,-0.0206511,0.0308853,0.0394448,85,-0.048943,-0.0186991,0.0386768,86,-0.083475,-0.0556475,0.0369755,87,-0.0213208,-0.0711978,0.0410115,88,-0.0393769,0.0111515,0.0333012,89,-0.0203139,0.0690303,0.0348079,90,0.160124,-0.0238447,0.0491573,91,0.0210122,0.110575,0.0390816,92,-0.051343,-0.0276832,0.0371845,93,-0.0162443,0.0493547,0.0407344,94,-0.0151736,-0.0702445,0.0287507,95,0.114188,0.191806,0.0342248,96,-0.112944,0.0272252,0.0375031,97,-0.0453973,-0.0899428,0.0298386,98,-0.0209266,-0.0447886,0.0380311,99,-0.019636,-0.0338625,0.0309665,
generation,7,0,0.013012,0.0187951,0.0304781,1,-0.0470695,0.0222674,0.0339423,2,-0.000768111,0.0711318,0.036138,3,0.191673,0.162195,0.0334639,4,-0.116457,0.0217929,0.0385019,5,-0.0108583,0.00256059,0.0327175,6,-0.0728118,-0.0462821,0.0476486,7,-0.0319405,-0.10411,0.0548122,8,0.266829,0.324275,0.0305985,9,0.118745,0.156391,0.0313748,10,0.00836115,0.150975,0.0298935,11,0.0454669,-0.0261882,0.0385634,12,0.0770187,0.117743,0.0291882,13,0.0091769,0.00813575,0.0429722,14,0.177977,0.197776,0.0294162,15,-0.0824927,-0.0816817,0.0439647,16,-0.022215,0.022709,0.0408744,17,-0.0492239,-0.00791083,0.0291589,18,-0.007599,-0.0180168,0.0433957,19,-0.0280055,-0.0300018,0.0388737,20,0.0180006,-0.039977,0.0443661,21,-0.0219144,0.112341,0.0328665,22,-0.0680383,0.140018,0.0325784,23,-0.0640162,0.00933223,0.0328737,24,0.0165969,-0.00673293,0.0414947,25,-0.0445754,0.160623,0.0289133,26,-0.0163693,-0.084425,0.0295294,27,-0.127131,-0.0969273,0.0399147,28,-0.0349804,-0.0632838,0.0354336,29,0.00907349,-0.00553797,0.0306509,30,-0.101748,-0.212444,0.0349982,31,-0.0204956,-0.0786247,0.030884,32,0.0100151,-0.0297303,0.0343984,33,0.0402428,-0.00871197,0.0299406,34,0.0680685,-0.0505508,0.0299554,35,-0.0565903,-0.0619848,0.0444899,36,-0.0118845,-0.08451,0.0368617,37,0.049985,0.0460913,0.030656,38,0.00291015,0.100126,0.0409447,39,-0.0425505,-0.0673565,0.0295778,40,0.00590874,-0.025425,0.0378459,41,-0.0651295,0.0241478,0.0288047,42,-0.297386,-0.210044,0.0403142,43,-0.011291,-0.0118864,0.0390224,44,-0.0331721,-0.0300853,0.041727,45,0.111046,-0.0600997,0.0443228,46,-0.0277489,0.0675969,0.0348244,47,0.136642,-0.114867,0.0398006,48,0.0183734,0.0759785,0.0318151,49,0.033772,-0.0847523,0.0398841,50,-0.0539433,0.0321041,0.0409851,51,-0.0035912,-0.0101798,0.0291518,52,0.00901498,0.0839416,0.0331448,53,-0.0382378,-0.108971,0.028911,54,0.0475036,-0.0777073,0.0297108,55,-0.0117567,-0.050649,0.0372506,56,-0.0281821,0.12635,0.0472984,57,0.179091,0.119169,0.0379085,58,-0.023061,0.0318963,0.04016,59,-0.0469493,-0.0735724,0.0335612,60,-0.0200197,-0.00298047,0.0304016,61,-0.0222181,-0.0312237,0.0288291,62,-0.0290487,0.0694038,0.0313679,63,-0.025612,0.0588461,0.0354081,64,-0.0138506,0.0391053,0.0319353,65,-0.0216205,0.0141972,0.0323613,66,-0.00714439,-0.0321652,0.0434691,67,0.0175729,-0.0453639,0.0298924,68,0.0444032,0.00504053,0.0311722,69,-0.0447365,-0.155351,0.0427887,70,-0.0826389,-0.0747432,0.0421844,71,-0.0283,0.031024,0.0312654,72,-0.0718144,-0.0168949,0.04032,73,0.0282568,-0.091068,0.028736,74,-0.00702519,-0.00417417,0.0294507,75,-0.213645,-0.171884,0.0364288,76,-0.0827415,-0.0494721,0.0341709,77,0.012139,-0.0166959,0.033488,78,0.0913698,0.106267,0.0384447,79,-0.0310015,-0.0691153,0.043935,80,0.0561915,0.0762797,0.0310487,81,0.048761,0.0486385,0.0365709,82,-0.0339498,-0.0230037,0.0405312,83,-0.114206,0.0442109,0.0365511,84,0.0679971,0.0640642,0.0416117,85,0.0461193,0.0948791,0.0312889,86,-0.0388513,-0.0464381,0.0346142,87,0.142342,0.13847,0.0350534,88,-0.0131935,-0.00720267,0.0298385,89,-0.0154531,0.0497952,0.0358352,90,-0.0848499,0.0230469,0.0491161,91,-0.0607945,-0.100472,0.029144,92,-0.0206827,0.0350619,0.0436247,93,0.00872718,-0.0591929,0.0363094,94,0.0556492,0.00815919,0.035282,95,-0.0272497,0.199401,0.0394571,96,-0.0639349,0.0389414,0.035735,97,-0.0154111,-0.236311,0.0333714,98,-0.0762096,-0.0649582,0.0311742,99,0.0258958,-0.057851,0.032715,
generation,8,0,0.0313431,-0.156491,0.0582499,1,0.270765,-0.207884,0.0350849,2,0.0441595,0.0560129,0.0295915,3,0.00804847,0.0246443,0.0366851,4,0.058524,0.125458,0.0344087,5,-0.0384772,0.0219036,0.0366463,6,-0.021837,0.00277857,0.0354372,7,-0.013695,-0.0265579,0.0388006,8,0.229987,0.154706,0.0344583,9,0.0128361,0.0344459,0.0363607,10,0.0173637,-0.0670554,0.049714,11,-0.00771948,0.0730639,0.033311,12,0.168633,0.261797,0.0508241,13,0.0900119,0.0795401,0.0313176,14,0.0469602,0.065791,0.0352547,15,-0.0377753,-0.043434,0.0337501,16,0.0802322,0.021454,0.0362332,17,0.0304578,0.00195562,0.0290111,18,0.0525213,0.0501571,0.0314862,19,0.0607465,0.545839,0.038737,20,0.00213208,-0.0176323,0.0381372,21,0.00161111,-0.0161201,0.0382447,22,0.116652,-0.103072,0.0411297,23,0.0310682,0.0434883,0.0410314,24,-0.0259801,0.135112,0.0421341,25,-0.0420157,-0.013862,0.0354832,26,-0.0626559,0.0796606,0.038436,27,0.0410501,0.103915,0.0466945,28,0.0229673,0.101461,0.0315542,29,0.0556506,0.206731,0.0292804,30,0.151257,0.124931,0.0320721,31,0.0178436,0.00368034,0.0499974,32,0.0467787,0.0402755,0.0292867,33,-0.0042436,-0.0222799,0.0334127,34,-0.0165771,0.0104046,0.0295042,35,0.158326,0.141445,0.0305279,36,-0.00332732,0.0118478,0.0300909,37,0.10593,0.0169266,0.0293011,38,-0.101091,-0.0575496,0.0287705,39,0.0722261,-0.0969245,0.0329522,40,0.0345238,0.100843,0.0312499,41,-0.00833571,0.0735334,0.0407961,42,0.0455455,0.0754151,0.0348217,43,0.00931916,-0.0868881,0.0357369,44,0.0992699,0.180477,0.0394808,45,0.00257757,-0.00227938,0.0299276,46,0.0241138,-0.10579,0.0419975,47,-0.0160113,0.130819,0.0354452,48,0.0928619,0.00524448,0.0286554,49,-0.010039,-0.0570603,0.040374,50,-0.324127,-0.203912,0.0328678,51,-0.00197637,0.0175209,0.0352853,52,0.0154363,0.0663775,0.0327259,53,-0.0168518,-0.00779994,0.029172,54,0.0253173,0.207827,0.0345486,55,0.172224,0.324914,0.0340596,56,0.0680654,0.0399089,0.0291288,57,0.0723431,0.0186298,0.0516381,58,0.0487442,-0.0780249,0.0309829,59,0.0116265,-0.0528181,0.0409922,60,0.0143433,-0.0320489,0.0295229,61,-0.0395771,0.0712211,0.0311569,62,-0.00430366,0.0376165,0.0288662,63,0.0333164,-0.10498,0.0448324,64,-0.0508481,0.00160188,0.0302392,65,-0.146549,-0.393406,0.0313279,66,-0.0574388,-0.211666,0.0312662,67,-0.00556011,0.111589,0.031765,68,0.0342277,0.0769856,0.0480247,69,-0.0434793,-0.00592607,0.042752,70,-0.0581436,0.181521,0.0395127,71,0.0244549,0.0261726,0.0363968,72,-0.0111334,0.0377799,0.0292525,73,-0.00593635,0.0197847,0.0358443,74,0.190686,0.181722,0.0290696,75,0.0821406,0.244385,0.0303057,76,0.0739302,0.108986,0.040506,77,-0.0144124,-0.0570541,0.0430397,78,0.0219424,0.0564709,0.0466665,79,0.0104956,-0.0294606,0.0436428,80,-0.0317462,-0.0454734,0.0454951,81,-0.142725,-0.121088,0.0299573,82,-0.0201421,-0.0250257,0.0370933,83,0.0668297,0.226797,0.0486707,84,-0.0486085,-0.0112087,0.0334387,85,0.0184906,0.00352655,0.0309203,86,-0.0324877,0.0126534,0.0455721,87,0.155344,-0.134996,0.0383549,88,-0.0108778,-0.0388512,0.0329988,89,0.0435662,-0.0617287,0.0357165,90,-0.0310953,-0.121318,0.0412824,91,0.0646709,0.00702387,0.0336842,92,-0.0254632,0.0239572,0.0378914,93,-0.0385663,0.0771963,0.037207,94,-0.0274776,-0.0390727,0.0399014,95,0.0491414,0.0459467,0.031473,96,-0.00226691,0.0335668,0.0316837,97,-0.040992,0.149919,0.0303997,98,-0.0377813,0.119676,0.0468385,99,-0.0279106,-0.0437942,0.0326983,
generation,9,0,-0.012078,0.0231962,0.0380533,1,-0.0234257,0.0112346,0.0288163,2,0.0371599,0.135017,0.029693,3,-0.00680529,-0.00644118,0.028768,4,-0.0607375,-0.198276,0.0293376,5,0.000382132,0.0954364,0.0288507,6,-0.0776681,-0.128055,0.0288719,7,-0.0717649,-0.142576,0.0399562,8,-0.0082175,0.0481791,0.0395418,9,-0.0067486,-0.0631818,0.0404646,10,-0.0253616,0.0336273,0.0303959,11,-0.00864795,-0.072227,0.0292121,12,0.0293384,-0.00997797,0.0288583,13,-0.0330452,0.183056,0.0515551,14,0.0292308,0.0179521,0.0388437,15,-0.024962,-0.0250001,0.0414774,16,0.0110441,0.0365762,0.038089,17,0.0571194,0.0628971,0.0312022,18,0.0224416,0.0233055,0.0334833,19,0.0323432,-0.208845,0.0288981,20,0.0235248,-0.060166,0.0396688,21,-0.0364641,-0.0275265,0.0296941,22,-0.0531786,0.0493991,0.0380503,23,0.0113608,-0.0245406,0.0311716,24,0.0383018,0.0344357,0.0498886,25,-0.111051,-0.013819,0.0502455,26,0.0146362,0.083044,0.031687,27,-0.0876453,-0.104822,0.0333008,28,0.0299083,0.167968,0.0324709,29,0.145278,-0.112264,0.0424407,30,-0.0480886,0.0239937,0.0366731,31,0.168097,0.000935558,0.0384382,32,-0.18168,-0.433002,0.0479334,33,-0.0231788,-0.0752875,0.0305275,34,0.00163218,0.094487,0.0381474,35,0.00590975,-0.0477338,0.0335341,36,-0.00850731,0.0210227,0.0311897,37,0.00624261,-0.0237378,0.0332826,38,0.0151518,-0.0416204,0.0290114,39,0.123378,0.0581844,0.049751,40,-0.0167307,0.00958936,0.0391259,41,-0.00366894,0.0484086,0.0292713,42,0.0409411,-0.104619,0.0320588,43,-0.0332868,-0.0472164,0.0397686,44,-0.0196486,-0.00931582,0.0401651,45,0.0245477,-0.0312278,0.0310469,46,-0.0139027,-0.0052069,0.0410821,47,-0.0650935,0.0904495,0.0318616,48,-0.0610567,-0.0950335,0.029525,49,0.00119385,-0.026984,0.0456763,50,-0.00399232,0.00787368,0.0511671,51,0.0019991,-0.0700167,0.0288026,52,-0.146186,-0.297706,0.0320489,53,0.0373507,-0.00109699,0.0334271,54,0.000437807,0.0763726,0.0383356,55,-0.0105532,-0.0123555,0.0436883,56,-0.0568055,0.0642448,0.0376221,57,-0.0196436,-0.0211397,0.0425337,58,-0.0537581,0.0174864,0.0286889,59,0.0118299,0.13404,0.0456637,60,-0.108982,-0.0263793,0.032344,61,-0.0686613,-0.0748401,0.0317845,62,0.179759,0.195947,0.02991,63,-0.0391111,-0.0681867,0.0369149,64,0.0160616,0.0319765,0.0330958,65,0.010529,0.0347196,0.0292764,66,0.116743,0.213404,0.0367475,67,0.0679391,-0.0305557,0.0398463,68,-0.108392,-0.0657693,0.0564915,69,-0.041888,-0.0346098,0.0296259,70,0.00248973,0.0627112,0.0338131,71,0.021476,-0.0350803,0.0380558,72,0.0112454,0.0401257,0.0294767,73,-0.031225,-0.0440531,0.0536684,74,0.021653,-0.0439039,0.0388156,75,-0.0242915,0.111729,0.0392799,76,0.14983,0.171198,0.0381656,77,-0.0496171,-0.0184843,0.035013,78,-0.0333805,-0.111312,0.0346076,79,-0.143782,-0.0753162,0.0328531,80,0.0739644,0.02087,0.0395691,81,0.0191836,-0.0289505,0.034789,82,0.0213335,0.104267,0.0318557,83,-0.0281274,-0.105457,0.0410993,84,0.162723,0.26137,0.039082,85,0.331059,-0.0669762,0.0357195,86,0.0596225,0.0922633,0.032909,87,-0.00628079,-0.00405448,0.0294224,88,-0.00979499,-0.0484716,0.037744,89,0.00910821,-0.0302981,0.0297844,90,0.195701,0.138247,0.0330475,91,-0.0556044,-0.126471,0.0368786,92,-0.0737984,0.0664399,0.0342231,93,-0.0602566,-0.00861698,0.0332919,94,-0.0391779,-0.129104,0.0286938,95,0.0104294,0.039592,0.029131,96,0.0242717,0.0416223,0.0318352,97,0.0522356,-0.135302,0.0322881,98,0.0661401,-0.188945,0.0369196,99,0.0190292,-0.0211232,0.0448335,
generation,10,0,0.0557035,0.188107,0.0294393,1,0.126968,0.16176,0.0346783,2,0.178067,0.090915,0.0392213,3,0.00591026,0.0580814,0.0384897,4,0.0222611,-0.101173,0.0367545,5,-0.0436471,0.0903774,0.0358285,6,-0.0090727,-0.0277068,0.0299314,7,-0.00357178,0.0119007,0.0339396,8,0.0169119,0.107102,0.0355113,9,-0.147321,0.0614089,0.028574,10,0.0527127,-0.0259469,0.0382188,11,0.0912225,0.0892128,0.0291201,12,0.0176068,-0.0711914,0.0297697,13,0.0174651,-0.135149,0.0468937,14,0.103902,0.0890074,0.0356319,15,-0.0520209,-0.0144392,0.0363562,16,0.0120319,0.0153796,0.029803,17,-0.168634,0.0136766,0.0289754,18,0.0242828,-0.0460928,0.0333504,19,-0.0243772,0.0837226,0.0344501,20,0.0965227,0.197896,0.0394136,21,-0.191185,-0.13102,0.0305445,22,0.0232361,-0.0164973,0.0397708,23,0.0955905,0.113983,0.0303062,24,0.0315521,0.051555,0.0320004,25,0.0186461,-0.121133,0.0490096,26,0.0478666,-0.0593749,0.031509,27,-0.00832456,-0.0493714,0.0369868,28,0.0183816,-0.00189532,0.04427,29,0.0426485,0.0419767,0.0472962,30,0.00341667,-0.021905,0.0428185,31,-0.0565898,-0.131281,0.0384838,32,0.0125697,0.159074,0.0407828,33,0.101562,-0.0649289,0.0426949,34,-0.110577,0.038094,0.0295653,35,0.0378334,-0.0392235,0.0438489,36,0.0633386,0.148111,0.0353528,37,-0.0407945,-0.0457625,0.0457068,38,-0.016403,-0.101189,0.0469231,39,0.104777,0.147374,0.0294073,40,-0.00516405,-0.040163,0.0385841,41,0.00478204,0.0613605,0.0323821,42,-0.0266696,0.00725819,0.0448772,43,0.0416607,0.101019,0.0350904,44,0.153072,0.135754,0.0295237,45,-0.0321404,0.0419193,0.0376668,46,-0.0631441,-0.092521,0.033112,47,0.0308885,0.078669,0.033923,48,-0.0708842,0.0549871,0.0321237,49,0.0360344,-0.0337692,0.0354538,50,0.091796,-0.18653,0.0319023,51,0.0114349,0.000991367,0.0386281,52,-0.00287389,0.0232531,0.0289798,53,-0.0762736,0.0395099,0.0432032,54,-0.0361458,0.000765619,0.032593,55,0.0548564,-0.226624,0.0485157,56,-0.0389158,0.161946,0.0487384,57,0.00846503,-0.0311374,0.0292375,58,0.129908,-0.0169249,0.0403456,59,0.0205543,-0.0112176,0.0356045,60,-0.0329863,0.125712,0.0419766,61,-0.0603539,0.0954325,0.029264,62,0.0587491,-0.116878,0.041092,63,-0.0771564,0.0999491,0.0380347,64,-0.0103253,0.12126,0.0307975,65,-0.00786716,-0.0870924,0.0413794,66,-0.116064,0.00804872,0.0370485,67,0.0967425,0.0117041,0.0320992,68,0.159347,0.478168,0.0307437,69,0.296074,0.117352,0.0471933,70,0.120898,-0.0981116,0.0340781,71,0.0124468,0.0718794,0.0353304,72,-0.0336833,-0.0338304,0.0400479,73,0.0513883,0.0476007,0.0300995,74,-0.0819892,0.0640542,0.0406825,75,0.0254455,0.0248073,0.040906,76,0.0149111,-0.0665657,0.0293622,77,0.0233169,0.00628566,0.0310849,78,-0.0641391,0.0645875,0.0286807,79,0.0987544,0.0581878,0.0417153,80,0.00989881,0.183325,0.0382744,81,-0.0483778,-0.0123537,0.0287703,82,-0.04232,0.00180477,0.0388698,83,0.0448724,0.115394,0.0309233,84,-0.0966561,-0.111909,0.033734,85,0.151289,-0.189731,0.0287395,86,0.00576039,0.00548063,0.0418973,87,0.251041,0.0866804,0.040691,88,-0.00743592,0.0331503,0.0393874,89,0.105018,-0.0774632,0.0428424,90,0.0770728,-0.112164,0.0475823,91,0.0178492,-0.000739928,0.0315032,92,0.00317423,-0.0628654,0.0385439,93,-0.015366,0.019235,0.0286542,94,0.0126197,-0.116949,0.0360041,95,0.0724133,-0.0727232,0.0458939,96,-0.0494461,0.136208,0.0344832,97,-0.0123008,-0.0720183,0.0298684,98,0.0230582,-0.0442362,0.0292921,99,0.0576594,0.263187,0.0307302,
generation,11,0,0.0117156,0.0874207,0.0440354,1,-0.0610548,-0.0512109,0.0348766,2,-0.143726,-0.112733,0.0352425,3,-0.0203899,-0.0995556,0.0356755,4,0.00600275,-0.0263326,0.0370778,5,0.0223307,-0.0501476,0.035336,6,-0.0408072,-0.023953,0.0393175,7,-0.107824,-0.0718608,0.0290872,8,0.000176809,-0.0649967,0.0299916,9,-0.0690515,0.303423,0.0349855,10,-0.0303627,-0.199928,0.03543,11,0.0283401,-0.0202468,0.0479295,12,-0.173599,0.0515332,0.0368239,13,0.0892637,0.0705509,0.0366027,14,-0.000204147,0.122903,0.0408791,15,0.104628,-0.0787313,0.0377499,16,-0.0656319,0.114998,0.0303541,17,-0.00770915,0.0964018,0.0363734,18,0.0825792,0.20462,0.0409183,19,-0.0159159,0.00928378,0.0307908,20,-0.00914436,-0.0714321,0.0410222,21,-0.0200552,0.00646772,0.0416809,22,0.0384089,-0.227207,0.0409908,23,0.198343,-0.0522105,0.0307546,24,-0.0561836,-0.103775,0.0299441,25,-0.0320968,0.0039536,0.0310916,26,-0.0309148,-0.0417108,0.0345742,27,0.0257575,-0.129006,0.0331528,28,-0.0211234,-0.0045782,0.0441894,29,-0.034373,-0.107876,0.0330434,30,0.0589811,0.0771589,0.0418674,31,-0.0275862,0.0302629,0.0385879,32,-0.0123952,0.00215259,0.029134,33,0.0386524,0.0715445,0.0287008,34,0.00305608,-0.160782,0.0333863,35,0.028896,0.0226125,0.0288586,36,-0.00813238,-0.176405,0.0386424,37,-0.0256577,-0.0465511,0.0289725,38,-0.0716032,-0.037876,0.0306155,39,-0.00913795,0.0342853,0.0287013,40,0.0642798,0.0250085,0.040479,41,0.0721444,0.155408,0.0382555,42,-0.0776705,-0.0634974,0.0293782,43,0.125584,0.164477,0.0290944,44,-0.0178842,0.068294,0.0485235,45,0.0587777,0.100274,0.0343059,46,0.0576286,0.162464,0.0344482,47,-0.169998,-0.115499,0.0295354,48,0.0867416,-0.0844303,0.045859,49,0.0625596,-0.0113866,0.0378892,50,0.020876,0.0896293,0.0405565,51,-0.0124257,-0.122398,0.0376299,52,-0.0237599,0.0009508,0.0417497,53,-0.106056,-0.138583,0.0336372,54,-0.0648734,-0.139372,0.0343644,55,-0.014771,0.0277874,0.0538158,56,0.0687661,0.0968305,0.0366253,57,-0.0829968,0.0692881,0.0291711,58,0.0142282,0.0423432,0.0376884,59,-0.0116683,-0.0384529,0.040204,60,0.033761,0.0215666,0.032858,61,0.00317685,-0.107465,0.0287782,62,-0.0529615,0.0457819,0.0288639,63,-0.00930644,-0.0849313,0.0441022,64,0.0252733,-0.0192267,0.0370169,65,0.0383243,0.00637249,0.0318251,66,-0.0305037,0.0526055,0.048164,67,0.0723391,-0.16369,0.0332191,68,-0.0477631,0.196522,0.0346223,69,-0.0193783,-0.127483,0.0461115,70,-0.0461879,0.109866,0.0378088,71,0.0199495,-0.10774,0.0394579,72,-0.0808454,-0.0586642,0.0307789,73,0.0423313,-0.14008,0.0323751,74,0.191254,0.0324778,0.0371,75,0.00514625,-0.0730567,0.0291986,76,-0.0135873,0.00757054,0.0293343,77,0.0375723,-0.078114,0.0399025,78,0.199777,0.221449,0.0380202,79,0.00955806,0.0218787,0.0327232,80,0.157086,0.143263,0.0297325,81,0.0177061,-0.0935542,0.0300215,82,-0.0107424,0.0929788,0.0389015,83,-0.20159,-0.0299889,0.0333969,84,0.0938876,0.232588,0.0366053,85,-0.00743867,0.0415276,0.0347262,86,-0.0301612,0.0334704,0.0329188,87,-0.0355798,-0.217026,0.0308201,88,-0.0757442,-0.058602,0.0312199,89,-0.072859,-0.0673933,0.035511,90,0.0850918,0.0926021,0.0294552,91,-0.00868686,-0.0631215,0.0288953,92,0.0562568,-0.000123371,0.0298135,93,-0.0483315,-0.0829571,0.0366233,94,0.0645565,-0.0492998,0.0421368,95,0.0633828,-0.205581,0.0313971,96,0.00204923,0.0314709,0.0448728,97,0.0520243,0.109842,0.0298417,98,-0.0414934,-0.0645995,0.0291524,99,0.00301439,0.00890014,0.0385527,
generation,12,0,-0.0737282,0.0309681,0.0337915,1,-0.0615503,0.0266177,0.0379935,2,0.0602337,0.129595,0.0293004,3,-0.0623287,0.110716,0.040712,4,0.00404568,0.023756,0.0380202,5,-0.0361168,-0.0535415,0.0519916,6,-0.463013,-0.280795,0.036724,7,-0.0488526,-0.069091,0.0287509,8,0.0617453,-0.00243459,0.0409167,9,0.0220723,-0.0527648,0.0366881,10,-0.0124934,-0.0860611,0.0362304,11,-0.0207859,-0.0646133,0.0353867,12,0.046948,-0.152897,0.0360642,13,0.0827693,-0.0516335,0.0290673,14,0.252446,0.20828,0.0341146,15,0.0179231,-0.0269834,0.0448056,16,0.0825211,0.117485,0.0375999,17,0.269184,0.0297212,0.0347669,18,0.294904,0.1473,0.0345918,19,0.0302019,0.00215379,0.034331,20,-0.0906511,0.0320628,0.0292666,21,0.143751,0.0392899,0.0409942,22,-0.0600024,-0.00345052,0.0308522,23,-0.0540612,0.116202,0.0417922,24,-0.0787987,0.210551,0.0477392,25,-0.0862157,-0.0388939,0.0392867,26,-0.0499727,-0.185654,0.0288394,27,0.00361476,-0.00120792,0.0400991,28,0.114393,0.146736,0.0494095,29,-0.141163,0.0529127,0.0286554,30,-0.0674876,-0.0637477,0.0348343,31,-0.0538958,0.181322,0.0381043,32,0.044762,-0.169777,0.0466546,33,-0.0140944,-0.0449977,0.0403164,34,0.0436038,-0.0167155,0.0288497,35,-0.0222245,0.095489,0.0367825,36,0.0937264,-0.00892892,0.040689,37,0.0369448,0.128597,0.0397158,38,0.0301946,0.0653132,0.0316072,39,0.00331307,-0.028024,0.03611,40,-0.0108819,0.155531,0.0361057,41,0.0278379,0.220892,0.0413875,42,0.0558257,0.0175208,0.0458748,43,0.0430017,0.00311852,0.0292813,44,-0.0615573,0.0832548,0.0324781,45,-0.0211511,-0.0644572,0.0322953,46,0.0813346,0.297726,0.0388594,47,-0.0231033,0.109528,0.0359777,48,0.0743492,-0.117287,0.0399029,49,0.0225431,0.0228004,0.0368746,50,-0.261309,0.0207503,0.030693,51,0.00301542,0.0488578,0.0313546,52,0.00299629,0.0109845,0.03584,53,-0.0473348,-0.0764521,0.0450188,54,-0.00764474,0.0577823,0.0346876,55,0.051028,0.0300738,0.0291212,56,0.0356295,-0.0248824,0.0358154,57,0.0691539,-0.0793009,0.0296949,58,0.0786616,0.236449,0.0389169,59,-0.0492238,0.161732,0.0401438,60,-0.0632326,-0.0579541,0.0369877,61,-0.0373998,0.147601,0.0479996,62,-0.0489197,-0.0134981,0.029316,63,-0.0260568,0.0173883,0.0389839,64,-0.0461224,-0.00622225,0.0303933,65,0.0113069,-0.027439,0.0319688,66,-0.0165686,-0.0168152,0.0393064,67,-0.0962717,-0.237944,0.0337826,68,0.0601539,0.178948,0.0445165,69,0.0611537,0.0496734,0.0407472,70,0.278703,0.297708,0.0307736,71,0.0555849,0.00635237,0.0358708,72,0.0208978,-0.00646016,0.0286896,73,-0.0384777,0.00572112,0.0413426,74,0.158695,0.179618,0.0289621,75,-0.0247024,-0.14117,0.0393791,76,-0.0452664,0.0513222,0.0361342,77,0.0109115,-0.013433,0.0331342,78,-0.00580766,-0.0184301,0.030079,79,-0.128598,-0.103881,0.0406966,80,0.0450529,-0.128441,0.0382868,81,-0.0390905,-0.226448,0.0287548,82,0.0474422,-0.0048341,0.0301496,83,-0.0602311,-0.0442934,0.0320972,84,-0.0338304,0.0233043,0.0314947,85,-0.0518443,-0.000662748,0.0405114,86,-0.0691356,0.117704,0.0414865,87,0.261874,0.255455,0.0388449,88,0.0777076,0.132405,0.0292815,89,0.0197743,-0.0305608,0.0286187,90,-0.0479673,-0.112143,0.0286575,91,-0.0194323,-0.0604573,0.0336428,92,0.0609735,0.00205689,0.0593014,93,-0.0778223,-0.0290683,0.0393412,94,-0.0121721,0.0314721,0.0422019,95,0.200344,0.0946336,0.0331991,96,-0.00501587,0.00275925,0.0325914,97,-0.0491732,0.0666722,0.0313891,98,0.00631746,0.070149,0.0303625,99,0.0838541,-0.0431151,0.0393906,
generation,13,0,-0.0115815,-0.0079401,0.0392449,1,0.0280273,0.110943,0.0342571,2,0.0599563,0.0388081,0.0323209,3,-0.0192077,0.0332685,0.0409329,4,-0.0246724,0.0388254,0.033143,5,-0.00574739,0.0263613,0.0365505,6,-0.134982,-0.113476,0.0363448,7,0.0903598,0.0425337,0.0415971,8,0.0489097,0.0354256,0.0494845,9,0.0123974,0.125141,0.0293461,10,0.104601,0.00242528,0.0365571,11,0.0944978,0.166055,0.0302918,12,-0.0239845,0.127318,0.0327083,13,0.0131696,-0.25899,0.0329605,14,-0.0224798,0.0203434,0.0309015,15,-0.0106524,-0.0854682,0.0366154,16,0.143042,0.124141,0.0451412,17,-0.00344856,0.100967,0.0350271,18,0.143058,0.12574,0.0372106,19,0.317763,0.358149,0.0302267,20,0.0146665,-0.0759063,0.0292468,21,0.0249181,-0.142702,0.0343602,22,0.0457981,0.106958,0.028681,23,0.0815899,0.262172,0.028728,24,-0.163758,-0.00982464,0.0310882,25,-0.000752985,-0.0667374,0.0385732,26,0.040238,0.00799252,0.0292477,27,-0.00705901,-0.123724,0.0302648,28,-0.0546684,-0.134645,0.0378934,29,-0.0225551,0.0467707,0.0335122,30,-0.0316074,-0.069693,0.0294111,31,-0.0339381,0.0606608,0.0293166,32,-0.116365,0.0836397,0.0313568,33,0.0466236,0.108349,0.0395928,34,-0.106402,-0.0713008,0.0288197,35,-0.0451961,-0.177271,0.0320769,36,0.0331675,-0.113023,0.0406268,37,-0.0299564,0.208958,0.0413862,38,0.0241573,-0.0771652,0.039883,39,-0.0885102,-0.0713584,0.0381297,40,-0.0836183,-0.0636725,0.0426066,41,-0.00779904,0.0178549,0.029206,42,-0.023774,0.277634,0.0451954,43,-0.162728,0.00273584,0.0323222,44,0.270664,-0.00749751,0.0310423,45,-0.0694561,-0.00771733,0.0424936,46,0.173805,-0.245582,0.0505689,47,0.0868111,0.128758,0.035253,48,0.0740525,0.12276,0.0385479,49,-0.0541441,-0.0534867,0.0332979,50,0.0089188,-0.0380635,0.0289718,51,-0.00384924,-0.0394271,0.0298903,52,-0.0284123,-0.0201097,0.0337484,53,0.00350255,0.0617321,0.0291772,54,-0.114225,-0.149142,0.0430902,55,0.00329051,0.118811,0.0331129,56,0.0696305,-0.0703975,0.0372056,57,-0.0184602,0.054686,0.0435333,58,0.0651377,0.171206,0.0321403,59,0.260952,0.23602,0.0325274,60,-0.0348236,0.0549997,0.0353481,61,0.0200259,-0.28995,0.0295439,62,-0.0312982,-0.0150628,0.0375472,63,0.0175964,0.186522,0.0348336,64,0.0633601,0.0735876,0.051172,65,0.0241679,0.0323317,0.0357589,66,0.0458048,-0.0394128,0.0294564,67,0.110901,0.16053,0.0339251,68,0.119726,-0.0509919,0.0399093,69,8.24823e-05,-0.106107,0.0306864,70,-0.0375474,0.0725553,0.0477162,71,0.151505,0.175415,0.0335749,72,-0.0142638,-0.0494756,0.0502142,73,0.0497845,0.0892492,0.0316334,74,0.00474342,0.052008,0.039025,75,-0.00793159,-0.0633672,0.0370315,76,-0.0222792,-0.0241555,0.0296671,77,-0.0290056,0.0357188,0.0439459,78,-0.0402479,-0.0963036,0.0433844,79,0.139237,-0.162388,0.0401323,80,0.261399,0.247629,0.0343748,81,0.00284466,0.0679036,0.0358863,82,0.0680155,0.04324,0.0297903,83,0.142761,0.240789,0.0316105,84,0.0254058,0.0227089,0.0371079,85,-0.0228791,0.0606534,0.0290531,86,-0.0226585,0.0169319,0.0291578,87,0.0132731,0.0259664,0.0292427,88,0.173145,-0.0998668,0.0445517,89,0.354322,0.051652,0.0291769,90,-0.0578607,-0.0836213,0.0312579,91,0.0103197,0.0929472,0.0340192,92,0.120124,0.099982,0.0309946,93,0.0343791,0.0144158,0.0421238,94,-0.060518,0.21295,0.0336257,95,-0.0320232,-0.0177619,0.0396786,96,0.0250383,0.105751,0.0433831,97,-0.0877991,-0.0442417,0.030674,98,-0.0233745,0.0517905,0.0297495,99,0.0133457,0.0940345,0.0448276,
generation,14,0,0.157435,-0.0823701,0.0420892,1,-0.0124437,0.0946379,0.0315979,2,-0.0132763,0.0237349,0.0385202,3,-0.268,-0.00114006,0.0315603,4,-0.00990045,-0.0345656,0.0430991,5,-0.0456915,0.0630336,0.0374753,6,0.0413782,-0.0529031,0.0432644,7,0.355064,0.0949377,0.0295048,8,0.161408,0.181486,0.0360081,9,0.0204962,-0.0334491,0.0302489,10,0.0302127,-0.0517708,0.0374121,11,-0.0466699,-0.117323,0.0403915,12,0.0441388,0.0461481,0.0454511,13,0.00111085,0.252978,0.0293326,14,0.205906,-0.0448606,0.0323948,15,-0.0516561,0.070254,0.040234,16,0.127404,-0.127286,0.0303283,17,0.00393812,0.198355,0.0335859,18,-0.053382,0.0517448,0.0342974,19,0.224389,0.221144,0.0357578,20,-0.0162562,-0.0166793,0.0288199,21,0.0746515,-0.0168208,0.0400191,22,-0.00529515,0.0371221,0.0396563,23,0.11965,0.14195,0.0294132,24,-0.00641545,-0.148809,0.033146,25,0.0630822,0.00910917,0.0300817,26,-0.0257024,0.0277853,0.0527874,27,-0.0186042,0.0577235,0.0408483,28,0.0646432,-0.249945,0.0431296,29,-0.0443923,0.028546,0.0305966,30,-0.0571672,-0.0854982,0.0428499,31,0.00305885,-0.00846307,0.035918,32,-0.0821797,-0.0112712,0.0294237,33,-0.0551022,-0.0510458,0.0517963,34,0.0684932,-0.116409,0.0310077,35,-0.0244303,0.0155076,0.0399902,36,0.122461,-0.2215,0.0396804,37,-0.0326817,-0.1589,0.0366866,38,-0.0976946,-0.0867846,0.0292672,39,0.0353871,0.160735,0.0325085,40,-0.046073,0.0498367,0.0397005,41,0.0256675,0.0592149,0.0370481,42,-0.0351676,-0.103715,0.0297663,43,-0.0544289,0.0511399,0.0312751,44,-0.00615628,0.105417,0.0439997,45,-0.112732,-0.041868,0.0494251,46,0.147699,0.157639,0.0407426,47,0.226088,0.117984,0.0306814,48,-0.0232428,0.139063,0.0380416,49,-0.0841971,-0.0803266,0.037684,50,-0.000636862,0.0283812,0.0362286,51,0.0694792,0.00266367,0.038246,52,-0.0990763,0.0802558,0.0434063,53,0.133998,0.101448,0.0340237,54,0.013157,0.120273,0.0321225,55,-0.0320315,0.00648185,0.0323586,56,0.142366,0.110261,0.0328084,57,-0.00681387,-0.201547,0.0456707,58,-0.0310541,-0.0504453,0.046621,59,0.00370095,0.00148105,0.0291603,60,0.0302898,-0.0677341,0.0307451,61,0.146458,0.11894,0.0359926,62,0.0226258,-0.0915908,0.0291796,63,0.0465374,-0.0471083,0.0291109,64,-0.036444,-0.0121338,0.0320361,65,0.0666475,0.0821581,0.0376969,66,-0.0301688,0.0473515,0.0307213,67,-0.0575003,0.0994982,0.0428578,68,0.0336418,-0.121706,0.0334798,69,-0.112019,-0.147925,0.0327721,70,0.0298336,0.0974453,0.0333584,71,0.0238559,-0.0124404,0.0464812,72,-0.00134908,0.00632498,0.0350462,73,-0.0245893,0.194106,0.0293818,74,-0.179557,-0.0297946,0.0478764,75,0.102461,0.0572265,0.0342756,76,-0.117746,0.0401959,0.0360175,77,0.000507476,0.0115133,0.0323094,78,-0.00243586,-0.23884,0.029048,79,0.102267,0.182245,0.0376706,80,-0.0235504,-0.09126,0.0295372,81,-0.040982,-0.0755289,0.0381909,82,0.148017,0.0962598,0.0309058,83,0.0351604,0.0881336,0.0326465,84,-0.0348599,0.0161424,0.0432295,85,0.31682,0.100223,0.036388,86,0.0966992,0.0746496,0.0288485,87,-0.00393541,0.174631,0.0317996,88,0.0706953,0.171397,0.0289409,89,0.0601615,-0.0923783,0.0341569,90,0.0130995,-0.00657824,0.0305416,91,-0.0789501,-0.00254728,0.0301465,92,-0.0649366,0.062204,0.0460198,93,0.117139,0.14579,0.0335248,94,0.00418217,-0.0340451,0.0311773,95,-0.0543643,0.0274742,0.0388391,96,-0.0111815,-0.0680216,0.0354833,97,0.0499666,-0.172632,0.0298021,98,-0.0235328,-0.106288,0.0391237,99,-0.00590145,0.117484,0.0294191,
generation,15,0,-0.0378916,-0.216158,0.0389039,1,-0.168926,-0.195986,0.035063,2,0.0845851,-0.126368,0.0300503,3,-0.0318769,0.179563,0.0411204,4,0.0454112,0.0878136,0.0350914,5,0.0600318,-0.0835049,0.0440103,6,-0.0642244,0.0393739,0.0334614,7,-0.0324114,0.0590216,0.0327415,8,0.140422,0.0122335,0.0381992,9,0.0585489,-0.274586,0.0443695,10,0.0175029,0.138899,0.0286445,11,0.012697,0.118465,0.0369242,12,-0.00404649,-0.101878,0.0351103,13,0.0179743,0.0345939,0.0288483,14,0.0611508,0.00743859,0.0287224,15,0.0355969,0.326859,0.0375433,16,0.0347924,0.207699,0.0388999,17,-0.0363922,0.0161178,0.0344517,18,0.000567978,-0.0247049,0.0292395,19,-0.00704157,-0.0404061,0.0368647,20,-0.000737752,0.0147251,0.0336405,21,0.089788,-0.100918,0.0356433,22,0.0235393,-0.00454067,0.0333727,23,0.0230538,0.0813005,0.0387311,24,-0.0503959,-0.0438455,0.0461079,25,-0.0281921,-0.0451389,0.0318098,26,-0.046298,-0.0999533,0.0311284,27,-0.00324968,0.0112634,0.0288679,28,0.0433246,0.124573,0.0434161,29,-0.0596463,-0.00373787,0.0299498,30,0.142378,-0.0465741,0.0332968,31,0.0407534,0.0924508,0.0395627,32,0.0177312,-0.0968801,0.0444842,33,-0.0172503,0.0540584,0.0300323,34,0.0131503,0.0160576,0.0332404,35,0.0745743,-0.0342817,0.0290283,36,0.110652,0.256192,0.0378598,37,0.157365,0.103821,0.0297954,38,0.0139079,0.0498202,0.0538062,39,-0.0612995,-0.0347871,0.0341502,40,0.0445678,0.202806,0.0380043,41,-0.0223065,0.100624,0.0358618,42,0.0673095,0.0432996,0.0370077,43,-0.0396354,0.0827584,0.030331,44,-0.116138,-0.151334,0.0356109,45,0.241936,0.122196,0.0290471,46,-0.0501458,0.0616549,0.0293566,47,-0.0859704,-0.0189867,0.0307705,48,0.0307925,0.0180283,0.0295609,49,0.200392,0.162589,0.0289536,50,0.0457202,-0.0277628,0.0492082,51,-0.00293904,0.0423976,0.0423621,52,-0.0262977,-0.158857,0.0529672,53,-0.0059028,-0.02216,0.0377026,54,0.160542,0.132523,0.0303172,55,0.0651238,0.0388334,0.0287195,56,-0.0390395,-0.0794723,0.0299098,57,0.0931706,-0.114144,0.0287933,58,-0.0891187,0.0641722,0.034994,59,0.00234254,-0.0397787,0.051391,60,-0.00938151,0.20279,0.0434201,61,-0.0228497,0.12403,0.0369257,62,0.0223971,0.0226313,0.0361696,63,0.0995931,0.13675,0.0437666,64,-0.0347132,6.33655e-05,0.0308808,65,-0.298916,0.0334403,0.0340159,66,-0.128002,-0.137713,0.0306404,67,-0.0356156,-0.106239,0.0304773,68,-0.0310556,0.0623009,0.0463539,69,-0.215397,-0.0939884,0.0298242,70,0.104181,0.10824,0.0461469,71,0.0291536,-0.0542735,0.0402999,72,0.0223771,0.0119355,0.0347376,73,-0.00662426,-0.0304573,0.0323668,74,-0.0475769,-0.151196,0.0352434,75,0.0107301,0.0650351,0.0294869,76,0.00552451,-0.069941,0.0380453,77,0.233235,0.149365,0.0358808,78,0.235034,0.18181,0.0327881,79,0.0301214,-0.0740391,0.0354588,80,0.308499,-0.157124,0.0292932,81,0.197015,0.0866213,0.0355597,82,-0.0370838,0.0352951,0.0304626,83,-0.0321689,0.0874208,0.0291883,84,-0.0781367,-0.0992471,0.0379388,85,-0.065121,-0.271311,0.029172,86,0.0182392,-0.130165,0.0358656,87,0.0553924,-0.0319832,0.0288376,88,-0.10746,-0.0419643,0.0444002,89,-0.104333,0.00916717,0.0315728,90,-0.00354824,-0.0308014,0.0375198,91,-0.0292013,0.00769332,0.0366995,92,0.126943,0.102476,0.0390414,93,0.0268096,0.0360037,0.0307881,94,0.0389036,-0.11019,0.0288014,95,0.201261,0.130456,0.0391113,96,0.176883,-0.137775,0.0326641,97,0.0483778,0.0783174,0.0308507,98,0.10575,-0.145803,0.0293778,99,-0.0221617,0.0718153,0.0293311,
