generation,0,0,-0.0567842,-0.0675502,0.0407172,1,-0.0296825,-0.0769566,0.0286151,2,-0.0295913,0.0672612,0.0359211,3,-0.0223154,0.0374612,0.0435306,4,-0.00491707,0.0278448,0.034135,5,-0.0166064,-0.0608334,0.0305271,6,0.000682145,0.00615703,0.0395937,7,0.0135837,0.0610358,0.0286468,8,0.0146352,-0.0046151,0.0386762,9,0.00872617,0.129067,0.0394633,10,-0.0213975,-0.0311413,0.0316292,11,0.063217,0.156225,0.0316657,12,-0.0812199,-0.0891353,0.0338672,13,0.0150254,0.0892257,0.0358927,14,0.0458255,0.0637988,0.0365733,15,-0.00384618,-0.00872601,0.0335228,16,-0.0460485,0.0172718,0.0404174,17,-0.0294957,-0.0365664,0.0332286,18,0.0113046,-0.0135792,0.0461888,19,0.0421545,-0.027828,0.0430803,20,-0.0460039,-0.0461013,0.0396309,21,-0.025701,0.0558755,0.035475,22,-0.0157674,-0.0662371,0.0389233,23,-0.0255113,-0.0338956,0.0482326,24,-0.0266496,-0.094822,0.0371087,25,-0.017477,-0.0371303,0.0389329,26,0.00385011,0.0399233,0.0380715,27,0.129751,0.218608,0.0363334,28,0.0391752,-0.043364,0.0307447,29,0.0261504,-0.0922433,0.0288752,30,0.00689762,0.0177273,0.0376998,31,-0.0485179,0.0381265,0.0322307,32,0.024793,0.0670799,0.0361585,33,-0.0101002,0.0520021,0.0291505,34,4.35812e-05,-0.0502759,0.0412386,35,0.0599427,-0.0403461,0.0359225,36,0.00136121,-0.00181948,0.0320898,37,0.266691,0.119457,0.0382851,38,-0.00337292,-0.0949677,0.0292224,39,-0.0133067,0.0468007,0.0389263,40,0.00666566,0.00565162,0.0357804,41,-0.0269519,0.0127659,0.0506171,42,0.0105387,0.0133358,0.0394957,43,0.102964,0.0158293,0.0408203,44,0.031894,0.0258259,0.045945,45,0.111779,0.122631,0.0339705,46,0.00356449,0.0271922,0.0290044,47,-0.0467736,0.114904,0.0409846,48,-0.00470998,-0.0119879,0.0363811,49,-0.0709996,0.0248306,0.0322671,50,0.00361008,-0.026324,0.0564353,51,0.0399978,-0.058129,0.0286868,52,-0.00832479,-0.0335667,0.032312,53,0.0242613,0.0525143,0.0300091,54,-0.0159989,-0.0446794,0.0291999,55,0.0525467,0.0567559,0.0286464,56,-0.0426086,-0.0133969,0.0352728,57,0.0231994,0.0691329,0.0374855,58,0.0156689,0.0357728,0.0288842,59,0.0298036,-0.0469527,0.043727,60,-0.0461188,-0.0230327,0.0492627,61,0.0133662,0.0543247,0.0428048,62,0.0777203,0.0921571,0.0310403,63,0.000196898,-0.0518002,0.028586,64,0.0359325,0.0651049,0.0286718,65,0.0297874,-0.040568,0.0293285,66,-0.000302132,0.0235704,0.0300979,67,0.0145808,-0.0337493,0.0286502,68,0.00823827,0.0441332,0.0362018,69,-0.0856049,0.00449687,0.0338704,70,0.0391538,-0.0395998,0.0410023,71,-0.0433995,0.0903526,0.02931,72,0.00682034,0.0352575,0.0346774,73,-0.0707134,0.0149904,0.0395906,74,0.0159382,-4.02812e-05,0.0337299,75,0.0195769,0.0748997,0.0391222,76,-0.0349863,-0.123003,0.0313249,77,0.0190877,0.0196492,0.0295391,78,-0.00107448,0.0455923,0.0295529,79,-0.0050764,-0.0690893,0.0336969,80,-0.00379186,-0.0212606,0.0285956,81,-0.0544003,0.00208166,0.0378783,82,-0.0144542,0.0649402,0.044595,83,0.099209,0.0857082,0.040294,84,-0.00643371,0.0355235,0.0290024,85,-0.0343777,-0.032113,0.0289766,86,-0.0160037,-0.00765086,0.0326328,87,-0.0308333,0.0241627,0.0532571,88,-0.0112103,0.0792696,0.036283,89,0.0130091,0.0226439,0.0307041,90,-0.0173427,0.0724502,0.0451562,91,-0.00482892,0.0558534,0.0361096,92,0.0711216,-0.0801124,0.0355157,93,-0.0468537,0.0854615,0.0392809,94,0.00888272,-0.0138616,0.0286246,95,0.0229941,-0.0225293,0.0285949,96,-0.0197171,0.120327,0.0316922,97,0.0208792,-0.0248298,0.0293262,98,-0.00850679,-0.0192117,0.0347278,99,-0.029495,-0.0195541,0.0439151,
generation,1,0,-0.0146082,-0.000114176,0.0529283,1,-0.0328686,-0.078513,0.0333421,2,0.0509625,-0.018104,0.0400829,3,0.0156506,0.0644246,0.028756,4,-0.0303923,0.0490612,0.0360362,5,-0.0166994,-0.0157937,0.0420919,6,-0.021673,0.000516903,0.0326822,7,0.0425095,0.258538,0.0406103,8,-0.0253394,-0.059682,0.0322594,9,-0.0112192,-0.0244336,0.0315123,10,0.0182749,0.126496,0.0479158,11,0.00796214,0.0250132,0.0328838,12,-0.0148907,-0.0813916,0.0299479,13,0.00198781,0.0716165,0.0303327,14,-0.018868,-0.00522716,0.0300679,15,0.00161234,-0.0291087,0.0356727,16,0.00202543,-0.0459164,0.0357237,17,-0.00880403,-0.0158192,0.0344344,18,-0.0158056,0.0436862,0.0290367,19,-0.0060653,-0.00469914,0.0454929,20,-0.0207728,-0.0576852,0.0329475,21,0.0148756,0.042588,0.0304939,22,0.015437,0.00826154,0.0318378,23,-0.0535908,0.0289502,0.0286931,24,-0.044403,0.0556949,0.0346917,25,-0.0859297,0.0539765,0.0354195,26,-0.0239333,0.0993275,0.0414512,27,-0.0477569,0.0195378,0.0353782,28,-0.0830488,0.0496492,0.0392762,29,-0.00583968,0.0311194,0.0286941,30,0.00168362,0.0495314,0.0400092,31,0.0733851,0.0746258,0.0300985,32,-0.0255037,-0.0681305,0.0399232,33,-0.0163669,-0.00832408,0.0414044,34,0.0679168,-0.0790628,0.0291514,35,0.0446152,0.0745924,0.0470887,36,0.0263191,0.0979906,0.0438802,37,0.0658274,0.131596,0.0290136,38,-0.0725372,-0.0167224,0.0383463,39,0.0595344,0.0264763,0.0401128,40,-0.0298078,-0.0133721,0.0309527,41,0.0186623,-0.0130023,0.0550453,42,-0.0614385,0.169533,0.0403255,43,-0.0787221,-0.0908106,0.028624,44,0.000430904,0.1176,0.0360514,45,-0.0333399,0.0437587,0.0313447,46,-0.00939271,-0.0419527,0.0336262,47,-0.00694939,0.0490182,0.0420881,48,-0.104203,0.090398,0.0460233,49,-0.00404594,-0.0138849,0.0420569,50,0.00673506,0.0369772,0.0365707,51,-0.00512801,-0.0880723,0.0476007,52,-0.00522077,0.0276523,0.0288645,53,-0.01488,-0.0140443,0.0361103,54,0.0365912,0.100035,0.0374676,55,-0.0129411,-0.0636273,0.0388226,56,0.0332777,0.085085,0.0335359,57,0.0205878,0.0458445,0.0437678,58,0.018894,0.00151735,0.0340297,59,-0.0113171,0.0744089,0.0292056,60,-0.104624,-0.180908,0.0438414,61,-0.0102314,0.0460979,0.0306135,62,0.151168,0.247311,0.036247,63,0.00213495,-0.00259037,0.0325215,64,0.0219059,0.00103131,0.0332856,65,-0.0109109,-0.0156181,0.0342769,66,-0.078432,-0.0561549,0.0330621,67,-0.0522242,0.0507126,0.0351902,68,0.00308247,0.069361,0.0320493,69,0.0543411,0.13682,0.0437551,70,0.033205,-0.0848747,0.0317582,71,-0.0354572,-0.0936242,0.0390611,72,-0.0157173,0.0500141,0.0368885,73,-0.0197088,0.0641789,0.0388666,74,0.029319,0.11147,0.0342869,75,-0.0117646,0.078089,0.0605178,76,-0.0404667,-0.0288614,0.0331455,77,-0.0325325,-0.0194828,0.0288345,78,-0.0967521,-0.0177441,0.0302365,79,-0.0116415,0.00836501,0.0328259,80,0.0100515,-0.0646786,0.0329084,81,-0.0569139,-0.0158191,0.0305256,82,-0.0119586,0.112497,0.0305691,83,-0.0036209,0.0232357,0.041066,84,0.0416847,-0.0629926,0.0335323,85,-0.0365796,-0.0357411,0.0471144,86,0.0186257,-0.0524043,0.0519444,87,-0.0513271,0.0496686,0.0416821,88,-0.032548,-0.043435,0.0376055,89,0.101977,0.0111355,0.0421545,90,0.0175729,-0.0604666,0.0343,91,-0.0388898,0.0405445,0.0344558,92,-0.0459722,0.0315532,0.0410265,93,-0.076712,-0.0936717,0.0459052,94,-0.0123843,-0.0143883,0.0291657,95,-0.000886819,-0.00295124,0.0406405,96,0.00952848,-0.00103635,0.0455228,97,0.0657589,0.199516,0.0311776,98,0.00764965,0.0369923,0.0293096,99,-4.8205e-05,0.0524277,0.0325351,
generation,2,0,-0.0517029,-0.121144,0.0350898,1,0.0417122,-0.0496805,0.0388079,2,0.0864229,0.109149,0.0405524,3,-0.0269103,-0.0468379,0.0409112,4,0.0153811,0.0467548,0.0324507,5,0.0228786,0.0415888,0.0417308,6,-0.0180475,0.0305123,0.0385033,7,0.0302199,0.0469252,0.0410114,8,0.0404905,0.078501,0.0288915,9,0.0102369,-0.0585971,0.0286544,10,-0.0784816,0.238098,0.035414,11,-0.0133592,-0.0131699,0.0362122,12,-0.00707529,-0.0674645,0.0298139,13,0.0115822,-0.0347945,0.0287796,14,-0.0192359,-0.00770486,0.0293204,15,-0.00878614,0.0635595,0.0288796,16,-0.0471418,0.0713866,0.0506613,17,-0.0065106,-0.0307951,0.0363211,18,-0.0407476,0.0417001,0.0399213,19,0.0216871,0.0134241,0.0294188,20,-0.0526729,0.0843233,0.0289893,21,-0.0515006,-0.0843609,0.0389859,22,-0.0680952,-0.143292,0.037358,23,0.19774,0.215223,0.0311925,24,0.00832191,0.00164196,0.0342846,25,0.0324636,-0.0426488,0.0312704,26,0.0230359,-0.0770503,0.0316782,27,0.0364865,-0.0273106,0.0288156,28,-0.0133158,0.0156381,0.0286916,29,-0.022208,0.0618024,0.0360018,30,-0.0410268,-0.137889,0.0290457,31,0.0258595,-0.000640728,0.0416844,32,0.0325825,0.0649629,0.0298607,33,0.0512577,-0.00329201,0.0310457,34,0.00592461,-0.0160862,0.0416954,35,0.0269278,0.069197,0.0328175,36,0.0144859,-0.131984,0.0422934,37,0.0986094,0.108888,0.0372275,38,0.0276623,-0.0728111,0.0295249,39,0.00223163,0.024583,0.0422883,40,0.0186781,-0.0107991,0.0336032,41,-0.0111895,-0.084905,0.0334475,42,-0.0459869,0.0263038,0.0407363,43,0.0504069,0.0019542,0.0385605,44,0.0120276,-0.120008,0.0340388,45,-0.00774939,0.0134053,0.0389849,46,0.0134788,0.00232514,0.0346475,47,-0.0153847,0.0171931,0.0287309,48,0.00366117,0.0114999,0.0301871,49,0.026269,0.00931412,0.0486019,50,-0.00574759,-0.0366671,0.0403575,51,-0.0241651,0.0721772,0.0512997,52,0.130999,-0.031905,0.0335117,53,-0.029968,-0.00987238,0.0374764,54,0.0251705,0.0790728,0.0507859,55,0.0278549,0.00924059,0.0346457,56,0.0110318,-0.0358093,0.038971,57,-0.0228804,0.0347061,0.0467449,58,-0.0532944,0.0672671,0.04212,59,-0.0203772,0.00245421,0.029148,60,0.001679,-0.000104477,0.0422637,61,0.0319528,0.0239278,0.0308252,62,0.00395657,0.0730973,0.0317483,63,-0.00838949,0.0533176,0.0340297,64,0.0283089,0.0322232,0.0381584,65,0.00715147,0.16239,0.0384435,66,0.0272361,-0.00698098,0.0388547,67,0.0209817,-0.0373894,0.0476495,68,-0.0624755,0.0260594,0.0415855,69,-0.0425533,-0.064169,0.0334008,70,0.01752,-0.0472552,0.0391629,71,0.00145364,0.0911176,0.0397256,72,-0.0121099,-0.00865378,0.0441886,73,-0.059744,0.0504342,0.04094,74,-0.0545688,-0.0224366,0.0404154,75,0.0278805,0.0119145,0.0349045,76,0.0109334,0.0589216,0.0320793,77,-0.0253644,0.0126117,0.0330154,78,0.0218262,-0.0424131,0.0302728,79,-0.0123921,-0.00165792,0.0349056,80,-0.0265125,-0.0359958,0.0289625,81,-0.0945652,0.0305735,0.0345207,82,-0.0221922,-0.061802,0.0388688,83,-0.0467218,-0.0209237,0.033789,84,0.0276347,-0.0193147,0.0361353,85,0.00559053,-0.0176266,0.0286975,86,-0.0411916,-0.129091,0.0401447,87,0.0136826,0.0545696,0.0349892,88,-0.0273005,0.0457735,0.0316919,89,0.0496645,0.038986,0.0286713,90,-0.0254562,-0.0550663,0.0426501,91,0.0602259,-0.0208756,0.0295192,92,-0.0674401,0.0768005,0.0288318,93,-0.00222314,0.0195219,0.0323315,94,0.134292,0.170443,0.039946,95,-0.0133596,0.0335019,0.0290835,96,0.0236189,0.0874164,0.0399576,97,-0.0668196,0.0747338,0.0342528,98,0.0112427,0.0218461,0.0382181,99,-0.0220674,0.00362228,0.0373091,
generation,3,0,0.0386099,0.126368,0.0346691,1,-0.00883968,0.053707,0.0382747,2,-0.0154198,-0.01313,0.0289317,3,0.0203789,-0.0342885,0.0299479,4,-0.0404318,-0.0286085,0.0367226,5,0.0349715,-0.00614072,0.0413634,6,0.12635,0.173219,0.032265,7,-0.0166439,-0.0144765,0.0327828,8,0.0576561,-0.0322364,0.0354322,9,0.102611,0.043855,0.0420344,10,-0.0730292,0.0241271,0.0320101,11,0.00232906,-0.0531521,0.0421262,12,0.00757406,0.0557121,0.02936,13,-0.0143362,-0.0882958,0.0322876,14,0.0224986,-0.0234349,0.0461818,15,0.0126788,0.0930573,0.0306998,16,0.0257547,-0.0375172,0.0314861,17,-0.0230136,0.100193,0.036173,18,-0.036899,-0.0251736,0.0352864,19,0.000340886,-0.0348593,0.0336932,20,-0.034369,-0.0679164,0.0414505,21,-0.00525949,-0.0469591,0.044659,22,-0.0271313,-0.0235832,0.0319003,23,-0.00222379,-0.00897015,0.0355601,24,0.0372956,-0.0939497,0.0490353,25,0.0214041,0.0237312,0.0362953,26,-0.039504,0.00332033,0.031431,27,0.0462515,0.056774,0.0434234,28,0.0594592,-0.0609015,0.0465587,29,-0.0199407,0.121668,0.0292567,30,0.0187999,-0.0122105,0.0542207,31,-0.020972,0.00480495,0.0391046,32,-0.0720725,-0.0376342,0.0464594,33,0.0235075,0.0621624,0.0372487,34,-0.0348383,-0.111637,0.0333949,35,-0.00642849,-0.0245296,0.0292358,36,0.00333167,-0.0446137,0.0304565,37,0.0265423,-0.0766153,0.0410886,38,-0.00882011,0.0406937,0.0315074,39,-0.0257035,-0.0254137,0.0373328,40,0.00315907,-0.0296943,0.0289139,41,-0.0493356,0.0306566,0.0361639,42,0.0127902,-0.00217833,0.0311248,43,-0.00761802,-0.082057,0.0363565,44,-0.0408945,0.0725689,0.0286314,45,0.0255252,0.0525668,0.0310666,46,-0.00574006,0.0698105,0.0365112,47,-0.0654267,-0.00185816,0.0393164,48,0.0151958,-0.103799,0.0326995,49,-0.10822,-0.0209226,0.034363,50,-0.000202546,-0.0748837,0.0323264,51,-0.00990784,0.00223563,0.0337612,52,-0.0045503,0.185609,0.0318418,53,0.00698891,-0.0597222,0.0380975,54,-0.00481644,0.0660172,0.0305366,55,-0.0243687,-0.054976,0.037482,56,0.0164704,0.0551498,0.042248,57,0.00607456,-0.108128,0.0295886,58,0.0155868,-0.0316521,0.0379861,59,0.0157886,-0.0153572,0.0424144,60,-0.0483516,-0.029246,0.0286944,61,0.048917,-0.0515615,0.0375728,62,-0.0170774,-0.0434388,0.0465619,63,0.0289557,-0.0476217,0.0420695,64,-0.0474327,0.0155998,0.0459891,65,0.0128166,0.0606471,0.0316652,66,-0.0814737,-0.121974,0.0385791,67,-0.051664,-0.0148184,0.0365379,68,-0.051885,0.100832,0.0311823,69,-0.0518946,-0.101304,0.038149,70,-0.00160512,-0.0335628,0.0492712,71,-0.00339709,-0.00554102,0.0294739,72,-0.0155389,0.0125843,0.0361376,73,-0.045333,0.0989166,0.0292393,74,-0.00302044,0.0336259,0.0344826,75,0.0097447,0.000459765,0.042595,76,-0.0202159,0.0152295,0.0322733,77,-0.00561033,0.00187859,0.0421363,78,0.00236887,-0.00411321,0.0285799,79,-0.0127904,-0.000631956,0.0301399,80,-0.0285108,-0.0626903,0.0298242,81,0.00357553,-0.0165193,0.0471133,82,-0.0161661,-0.0327065,0.03042,83,0.00843808,0.103435,0.0341544,84,0.0822479,0.0811848,0.0447594,85,-0.0210255,-0.0848266,0.0337242,86,-0.0195155,-0.00888489,0.0381049,87,-0.0117317,-0.0385743,0.0393775,88,-0.0273425,0.0446513,0.0340532,89,-0.0305101,0.096994,0.0314216,90,0.0468735,-0.0482669,0.0418079,91,-0.00786125,-0.00138065,0.0301036,92,-0.0255156,-0.00211149,0.0371424,93,-0.0513125,0.0191837,0.0368827,94,0.0267301,0.048188,0.0363731,95,-0.00302306,-0.0540168,0.0292087,96,0.00456408,-0.0167561,0.0293799,97,-0.0207124,-0.0245442,0.0310007,98,-0.0456994,-0.174482,0.045229,99,0.00201344,-0.0374702,0.0381157,
generation,4,0,0.00971693,-0.0653341,0.0420454,1,-0.0498456,-0.131635,0.0355349,2,-0.0262016,-0.0476445,0.0313106,3,-0.0277398,-0.0677197,0.0301003,4,0.141985,0.246005,0.0397478,5,0.0149015,-0.0619211,0.0374539,6,-0.0103899,-0.0077875,0.0317395,7,0.0285646,0.095445,0.0340586,8,0.0164401,0.18307,0.0578453,9,-0.0278447,-0.0310205,0.0389314,10,0.00414605,0.143685,0.0490809,11,0.0708613,0.194586,0.0397407,12,-0.00180879,-0.0366953,0.0286968,13,-0.00511991,0.0971638,0.0316316,14,-0.0137041,-0.0430477,0.0290174,15,-0.0198569,-0.062209,0.0366041,16,-0.0272615,-0.039759,0.0389694,17,0.0233325,0.0409,0.03086,18,-0.0033923,-0.0581636,0.0411145,19,0.00217394,0.1691,0.0298817,20,-0.0286498,-0.0877276,0.0509371,21,0.00470231,0.0898616,0.0395323,22,-0.121076,0.00188256,0.0436811,23,0.0305108,-0.0288416,0.0421753,24,0.00883146,0.00429722,0.0402692,25,0.0300849,0.0364869,0.0334612,26,-0.0145714,0.0253668,0.0304938,27,-0.0232615,-0.0078167,0.0299934,28,0.0469865,0.229564,0.0292293,29,0.0156783,0.0756936,0.0372804,30,-0.0218554,-2.80513e-05,0.0313073,31,-0.0529166,-0.106148,0.0382179,32,-0.017981,0.0412372,0.0346992,33,0.00806969,-0.013457,0.0318359,34,0.00171189,-0.00994422,0.0299934,35,0.0223761,-0.0294881,0.0375813,36,-0.0069801,-0.00835085,0.0342322,37,0.0189948,-0.0703122,0.0318859,38,0.0490253,0.0726059,0.0428595,39,-0.00475617,-0.0627411,0.0445779,40,-0.0162204,-0.0831063,0.0424448,41,0.118474,0.155379,0.028658,42,-0.0685707,-0.0314076,0.0288009,43,-0.00702416,0.0633419,0.0287909,44,-0.0223979,-0.0602221,0.0369571,45,-0.0174228,0.00545603,0.0321389,46,0.0820505,0.1764,0.0414032,47,0.0177969,-0.00544926,0.043086,48,-0.0213142,-0.0405894,0.0375713,49,0.0351017,-0.00869767,0.0317939,50,-0.00291432,-0.0992242,0.0376001,51,-0.134971,0.0606917,0.0340949,52,0.00450945,-0.0139378,0.0391424,53,0.01193,-0.0192387,0.039947,54,-0.00426842,0.0304518,0.0310287,55,0.00540858,0.122648,0.0315985,56,-0.00858839,-0.0761794,0.0516423,57,-0.0224895,0.0709534,0.0366321,58,-0.00637044,-0.0677195,0.0401284,59,0.00861918,0.0790711,0.0323719,60,-0.0469648,-0.0361231,0.0395947,61,0.0142169,-0.00843601,0.0291558,62,0.038484,0.0637916,0.0391856,63,-0.0369737,-0.0771457,0.0290675,64,0.0239682,0.1851,0.0468408,65,-0.000994555,0.0216807,0.0288362,66,0.0515083,0.0781213,0.0377577,67,-0.030528,0.0187487,0.0495429,68,-0.0695841,0.00423037,0.0462499,69,-0.0675466,-0.0658213,0.0325945,70,-0.0234425,0.00136371,0.0413588,71,0.0296666,0.0492159,0.0304267,72,0.127345,0.140936,0.0413833,73,0.0363849,-0.0318684,0.04241,74,-0.0319291,-0.0137889,0.0328305,75,-0.00245643,-0.00161389,0.028735,76,-0.0506305,0.0713078,0.0501131,77,0.0442382,0.0106578,0.0290157,78,-0.0189267,0.0552837,0.0344367,79,0.00521938,-0.0156627,0.0287187,80,0.00679346,-0.00431668,0.0327718,81,0.0128536,-0.0365345,0.0475993,82,0.00486537,-0.00784495,0.0285807,83,-0.0320325,-0.0946773,0.0300355,84,-0.00865798,-0.00326402,0.0297487,85,0.010897,-0.0706693,0.039803,86,-0.0441615,-0.0118331,0.0297149,87,0.0309191,0.0432424,0.0353596,88,-0.0489025,-0.0383939,0.0341689,89,-0.021498,0.0778328,0.0430783,90,0.0206109,-0.0583798,0.0384715,91,-0.00726184,0.0245974,0.0295882,92,-0.0601621,-0.04529,0.0309766,93,-0.00403182,-0.00516453,0.0296427,94,-0.0377525,-0.0207671,0.0364421,95,0.0656247,0.0234638,0.0425746,96,0.000953977,-0.0478387,0.0349388,97,0.0384907,-0.077243,0.0395832,98,-0.00760472,-0.0904004,0.0322151,99,0.0183646,-0.045717,0.0363474,
generation,5,0,0.0391411,0.00653818,0.0416316,1,0.00746608,-0.0423046,0.0291809,2,-0.0199567,-0.0425443,0.0285789,3,-0.014296,-0.00951747,0.0286279,4,0.0408137,0.0149265,0.0286351,5,0.0286114,-0.0695068,0.0343652,6,-0.0240381,0.00582792,0.0337527,7,-0.00395274,-0.00847955,0.030892,8,0.0788753,0.137509,0.0299482,9,0.0353361,0.0176007,0.0455772,10,0.0358061,-0.0559215,0.0431993,11,0.0637328,0.136228,0.0287401,12,-0.00750012,0.058887,0.0485043,13,-0.000926132,-0.0546084,0.0301223,14,-0.0148006,-0.0459305,0.0328762,15,0.0404442,0.0544636,0.0302732,16,0.0853861,0.0406368,0.0387333,17,-0.0140894,0.0660906,0.03091,18,-0.0440194,0.0276716,0.0287802,19,-0.0356402,0.0377007,0.0286409,20,0.0244649,0.193527,0.0390916,21,0.0196216,-0.0228484,0.0479142,22,-0.0375335,0.0219678,0.0320519,23,0.00651616,0.0869422,0.0301195,24,-0.0969628,-0.106262,0.0388043,25,-0.0247364,-0.169999,0.0467211,26,-0.0432051,0.0574011,0.0355489,27,-0.00703401,0.0259353,0.0388084,28,0.0449986,0.0168582,0.0296938,29,-0.0319791,0.108423,0.0339416,30,0.0232156,0.0555168,0.0288301,31,-0.0149889,-0.00813157,0.0292888,32,0.035038,-0.00483626,0.0299596,33,0.0436019,0.0225729,0.0294432,34,0.0230969,-0.0407198,0.0301028,35,0.0364297,0.0732512,0.0351538,36,0.000122696,-0.0405562,0.0399122,37,0.0105475,0.0392352,0.0395816,38,0.104277,0.112075,0.0287449,39,0.00790745,0.0455093,0.0353408,40,0.0467698,0.0514234,0.0289115,41,0.00466195,-0.0914313,0.0297492,42,0.00285689,0.0273677,0.0402504,43,0.0086664,-0.0252739,0.0350209,44,-0.0228014,-0.021496,0.0352538,45,-0.00795124,-0.0210178,0.0432964,46,-0.0281455,0.0610235,0.04037,47,0.144512,0.163405,0.034422,48,0.0342913,0.0132529,0.0351385,49,0.0344082,0.0458518,0.030096,50,0.0141481,-0.0297701,0.0432212,51,0.0152536,-0.0159095,0.0349811,52,-0.0296765,0.0273763,0.0351978,53,-0.0319511,0.0398666,0.0288125,54,-0.00302587,0.0119438,0.0299243,55,-0.0246876,0.0235117,0.0391434,56,-0.0771945,0.0644309,0.0297778,57,-0.00837974,0.0645943,0.0289495,58,-0.0351073,-0.0228042,0.0423219,59,-0.0204266,-0.0522981,0.0507879,60,0.0322122,0.110139,0.0302344,61,-0.0716107,-0.0569218,0.0333704,62,0.00930808,0.048098,0.0395702,63,0.0398096,-0.206666,0.0391902,64,-0.00820472,0.0160641,0.028831,65,-0.0494432,0.0410086,0.0338839,66,-0.0340125,-0.0345104,0.0392082,67,0.0329277,-0.0624946,0.0368535,68,-0.00329217,-0.0324182,0.0285827,69,0.0269763,0.00116918,0.0303036,70,0.000246106,0.0205215,0.0582383,71,0.00549149,-0.0532981,0.0328755,72,0.0802756,-0.00661459,0.0307087,73,0.0615208,-0.154035,0.029415,74,0.00213884,0.0090343,0.0290573,75,0.0442194,-0.045983,0.036189,76,-0.00511946,-0.0185396,0.0291687,77,-0.0919454,0.0924639,0.0377758,78,0.00999781,-0.0443252,0.0322498,79,-0.0216284,0.0122164,0.0380762,80,0.00210648,0.029432,0.0398418,81,0.414443,0.273428,0.028794,82,0.0191679,-0.0127612,0.0466659,83,-0.0187552,-0.074381,0.0334012,84,-0.00795743,-0.0662398,0.0290075,85,-0.0316829,-0.0397871,0.0384504,86,-0.0277314,-0.0164249,0.0302378,87,-0.0256542,-0.170414,0.0306374,88,0.007793,0.14708,0.0308412,89,0.165676,0.0847796,0.0402747,90,-0.0121065,0.142725,0.0350072,91,0.0321927,0.0523717,0.032344,92,0.0158623,0.0979163,0.0321814,93,-0.0179118,0.0087344,0.0391511,94,-0.0175237,-0.0506068,0.0334907,95,-0.0497569,0.130843,0.0498164,96,0.0303822,-0.0364689,0.0506238,97,-0.0288919,0.0318446,0.0318427,98,-0.0198056,0.00152285,0.0324017,99,0.00148871,0.0354032,0.0311609,
generation,6,0,-0.00546099,-0.019006,0.0287241,1,0.0716295,-0.0142761,0.0345878,2,0.0522539,-0.0791968,0.0333492,3,0.0153615,0.0552674,0.0361252,4,-0.0222657,-0.000342894,0.0291587,5,-0.0455556,0.0733239,0.0312282,6,-0.00321991,-0.00268883,0.0393624,7,-0.0319428,-0.038019,0.0333422,8,-0.00995454,0.0350756,0.0304095,9,0.0137871,-0.00874614,0.0358003,10,-0.051879,-0.127529,0.0305094,11,-0.00968738,0.0360981,0.0322839,12,-0.0170511,-0.0196781,0.0351222,13,-0.00117039,0.0364571,0.0348919,14,-0.04183,-0.0190015,0.044002,15,-0.0192586,0.111835,0.0320713,16,-0.0122098,0.0308991,0.0286649,17,0.0258893,0.0698959,0.0318728,18,-0.0421898,0.0134668,0.0365754,19,0.0147617,-0.0899323,0.0340388,20,0.012186,0.0230568,0.0390342,21,0.0190242,-0.0333224,0.0288219,22,0.000950668,0.0318016,0.0289167,23,0.0573419,-0.0396972,0.0460547,24,-0.00662926,-0.00228834,0.0434729,25,0.185668,0.165362,0.0298305,26,-0.0113698,-0.0232866,0.0523501,27,-0.0248513,0.0241351,0.0435642,28,-0.0529373,-0.0743947,0.0416158,29,-0.0208507,-0.0488753,0.035713,30,-0.0140659,-0.022402,0.0374598,31,-0.0100759,-0.0107484,0.0371376,32,-0.0586985,0.0428174,0.0516392,33,-0.00943566,0.020698,0.0435773,34,-0.0201519,0.126096,0.032685,35,0.00221214,-0.0200189,0.0362758,36,0.000301005,-0.0865654,0.0374609,37,-0.023733,-0.00281833,0.0297133,38,0.00246848,-0.0458205,0.0395882,39,-0.0146624,0.0609472,0.0352995,40,0.0105325,0.0384509,0.0402446,41,0.0164981,0.0533514,0.0451651,42,0.037146,0.0394027,0.0319305,43,0.0425631,-0.023626,0.0327073,44,-0.015573,0.00408651,0.0308914,45,0.066155,0.0243961,0.0392494,46,-0.00459959,-0.0855872,0.0299271,47,-0.0131949,0.0688707,0.0505196,48,0.0379011,0.0133837,0.0307248,49,-0.06849,0.176799,0.0334608,50,-0.00317327,-0.0355943,0.0295167,51,0.0518776,0.0140491,0.0312854,52,-0.0152061,-0.0323067,0.0387544,53,0.0085549,0.0291131,0.0345555,54,0.037197,-0.000975866,0.0384257,55,0.0305499,-0.00468515,0.04872,56,0.123972,-0.0983489,0.0370569,57,-0.0113845,-0.00520546,0.046122,58,-0.0252148,-0.0166278,0.0451838,59,0.0820237,0.122049,0.0396498,60,0.0437951,0.041701,0.0380883,61,-0.0194308,0.0276263,0.0385919,62,0.00573581,-0.0350707,0.0379861,63,-0.00143875,0.00425194,0.0338668,64,0.00793104,0.0530432,0.0410007,65,-0.027594,-0.16231,0.0473489,66,0.016104,0.0802404,0.0377835,67,0.102073,-0.0468686,0.0296112,68,-0.0107863,0.014455,0.0290147,69,0.0124027,-0.0204752,0.0405057,70,0.0399978,-0.0539827,0.0483154,71,-0.0205984,0.110133,0.042045,72,0.0126047,-0.0174982,0.0331702,73,0.0204575,0.151392,0.0296853,74,-0.0180999,-0.00198021,0.0439852,75,0.0726121,0.158202,0.0342229,76,0.0294753,0.115749,0.0315377,77,-0.0174459,-0.000795868,0.0458648,78,0.00449243,-0.009152,0.0293232,79,0.107339,0.127606,0.0408152,80,0.00292613,-0.023536,0.030013,81,0.0531256,-0.0516516,0.0299079,82,0.00382664,0.0711357,0.0436512,83,-0.0108235,0.00494137,0.0429008,84,0.0223481,0.0659533,0.0329684,85,0.0486582,0.0873492,0.0352079,86,0.0121993,0.0401847,0.0300087,87,0.0526531,-0.00318091,0.0599507,88,-0.0498977,-0.0652309,0.0351732,89,0.0261553,0.0670288,0.041559,90,0.0394672,-0.0548055,0.036953,91,-0.0244511,-0.0752487,0.0384565,92,0.00129934,-0.0535497,0.0297846,93,-0.0115145,-0.0444703,0.0470282,94,0.011467,-0.0142119,0.0336955,95,-0.00868663,0.00221081,0.0292841,96,-0.092418,-0.22007,0.0334061,97,0.0113615,-0.00573551,0.0506391,98,-0.0607338,0.0145676,0.0304962,99,-0.0148561,-0.0628562,0.0321645,
generation,7,0,0.0159566,0.00646817,0.0363392,1,-0.0166433,0.0221265,0.031447,2,0.0369204,-0.0870024,0.0337255,3,-0.0154712,0.00409482,0.0398379,4,0.0301988,-0.0659883,0.0300771,5,-0.0178838,-0.0305813,0.0366725,6,-0.0159149,0.0870739,0.0503845,7,-0.0556005,0.0353406,0.0361271,8,-0.00862353,-0.0481657,0.0333388,9,-0.0242997,0.0273114,0.032354,10,0.0148684,-0.00400157,0.0455827,11,0.0192286,-0.060208,0.0299658,12,0.0289296,0.0748296,0.0477498,13,-0.00034379,0.0487564,0.0378578,14,0.0431337,-0.0397652,0.0334016,15,-0.0728097,0.0344922,0.0374133,16,-0.0391018,-0.00864067,0.0458129,17,0.0630947,-0.058416,0.034227,18,0.0246634,-0.107721,0.0413775,19,0.00856858,0.0342686,0.0364803,20,-0.0186676,-0.0390473,0.0337561,21,-0.0304892,0.0120595,0.0361481,22,0.0243649,-0.0357461,0.028933,23,-0.0114423,-0.119468,0.0347558,24,0.0195381,-0.0380691,0.0368543,25,0.00577068,-0.00201962,0.0288132,26,0.0265107,-0.0137563,0.0288811,27,-0.0483285,-0.0305212,0.044234,28,0.0287167,0.0199088,0.0288033,29,0.0167082,-0.0093956,0.043208,30,0.0246204,0.00106218,0.0331279,31,-0.00597333,0.172358,0.0313041,32,0.00437672,-0.00393922,0.0305043,33,-0.0147389,-0.0535331,0.0287968,34,-0.0623346,0.0504989,0.0368694,35,0.0218477,-0.0424586,0.0292519,36,0.0117943,0.0367753,0.0291395,37,-0.0267348,0.0232002,0.0288948,38,-0.0262558,-0.0221598,0.0375782,39,-0.0168137,-0.00163946,0.0299463,40,-0.00873484,-0.0817929,0.0424517,41,0.0234981,-0.00682046,0.0345692,42,0.0167396,0.128303,0.0331537,43,0.0124018,0.0932462,0.0288191,44,0.00275156,0.0539517,0.0396475,45,-0.0343801,0.0125532,0.0322962,46,0.0345216,-0.0182079,0.029402,47,0.0629122,0.0898773,0.0302995,48,0.0310721,-0.0809955,0.0412969,49,-0.0105096,-0.058562,0.040092,50,-0.00756838,-0.115077,0.0389468,51,-0.0331069,-0.040259,0.0414333,52,0.00563111,0.100468,0.0327809,53,-0.000928297,0.0539934,0.0335879,54,-0.0923488,0.0932665,0.0403954,55,-0.0297451,-0.0427333,0.0356644,56,-0.0567591,0.0296479,0.0370861,57,0.00273231,0.00790474,0.0319451,58,0.0190852,0.075752,0.041672,59,-0.0133711,0.0244973,0.0290379,60,0.0878007,0.105388,0.0291836,61,-0.0397191,-0.0375205,0.0298705,62,-0.0187151,-0.00149159,0.0480681,63,0.0241368,0.0561517,0.0393527,64,-0.043408,-0.0435364,0.0319336,65,-0.125962,0.0292162,0.0347789,66,0.00967795,0.0110135,0.0332298,67,0.00166155,0.0488615,0.0368751,68,0.0255904,0.0251288,0.0293753,69,0.00414008,-0.0175231,0.0357966,70,0.0255095,0.0128371,0.04628,71,0.0364635,0.00942976,0.0320923,72,-0.0295297,-0.0063759,0.0376162,73,-0.0215921,0.00949108,0.0350214,74,0.0105091,0.101999,0.043842,75,0.178318,0.188274,0.0289087,76,0.0257936,0.0510755,0.0512717,77,0.0130449,0.0285668,0.0289822,78,-0.00374136,-0.0498082,0.0392708,79,0.0815554,-0.00646223,0.0510782,80,-0.0203443,-0.0235522,0.0350969,81,-0.00616157,0.00753713,0.02877,82,0.00476938,0.0132034,0.0416809,83,0.0115154,-0.0676436,0.0290395,84,0.0416641,0.0231301,0.0346587,85,0.00550119,0.0481483,0.0305687,86,0.0132327,0.0414281,0.029318,87,0.0256182,0.069089,0.0290425,88,-0.0436999,-0.0575519,0.0348472,89,-0.00141781,0.054968,0.0362355,90,0.00714281,0.0508951,0.0318212,91,0.0137153,0.0182303,0.029606,92,-0.00250948,0.00674675,0.0302766,93,0.172227,0.158274,0.0368544,94,-0.0065736,0.0237122,0.03294,95,-0.012942,-0.0404948,0.0294143,96,-0.0733483,-0.0379241,0.038027,97,-0.0102301,0.040435,0.0319606,98,0.19861,0.0806261,0.0332497,99,0.00252016,-0.0315765,0.0289213,
generation,8,0,0.0598867,0.0636336,0.0286796,1,0.0174209,0.0406346,0.0290266,2,0.0297997,0.0379894,0.0388254,3,0.0166455,-0.00701748,0.0306923,4,0.0932627,0.0251221,0.0296959,5,0.00694542,0.0540004,0.038531,6,0.011788,0.0136655,0.0289099,7,-0.00968883,0.0331064,0.0314872,8,-0.0234232,0.00357367,0.0326802,9,0.0183142,0.0398675,0.0315437,10,0.00672993,0.0560286,0.0288702,11,0.0427139,-0.0306387,0.0411789,12,-0.0495585,-0.000366959,0.0316318,13,-0.0222621,-0.0430244,0.0378269,14,0.024274,0.000945906,0.0381584,15,-0.0830324,0.025789,0.0315019,16,0.000704593,-0.0559361,0.0290873,17,0.0256158,0.0828156,0.0427959,18,-0.0072503,-0.0238157,0.0342639,19,0.00732465,-0.0113645,0.0294764,20,0.0308314,0.0535944,0.0492619,21,-0.00536911,-0.06937,0.0405014,22,0.0145264,0.0398985,0.0334228,23,-0.0390253,0.036842,0.0350399,24,-0.0213116,-0.0145099,0.0304979,25,0.00585462,0.0441897,0.0357132,26,-0.00684882,0.0335348,0.0354894,27,-0.010611,0.0264199,0.0477282,28,0.0124127,0.0664561,0.0413508,29,0.0562658,0.0187932,0.0397366,30,0.0332068,-0.0638918,0.0341528,31,-0.0264513,0.0725329,0.028709,32,0.0295464,0.00754259,0.0413273,33,-0.0185918,0.0246161,0.0430153,34,-0.0222589,-0.0221897,0.0305889,35,0.0560776,-0.0391907,0.039297,36,-0.0949359,0.0565351,0.0447607,37,0.0310087,-0.0378913,0.0348974,38,0.014932,0.0198607,0.0290316,39,-0.00169366,-0.0444031,0.035232,40,0.0686025,0.106326,0.0470117,41,-0.0632054,0.0233705,0.0346324,42,0.209877,0.0713397,0.0355129,43,0.0859274,0.151964,0.0292862,44,0.0499352,-0.125606,0.0286898,45,0.0323072,0.02948,0.037959,46,-0.0302559,-0.0658336,0.0411903,47,-0.0108978,-0.0132925,0.0289744,48,-0.0345336,-0.071524,0.0329202,49,-0.0551896,-0.112382,0.0348398,50,0.0116426,0.0424158,0.0287959,51,-0.00745517,-0.00713705,0.0312461,52,0.0847756,0.150154,0.0375397,53,-0.0263834,0.0719338,0.0405724,54,0.0178202,-0.0187292,0.0339179,55,0.00315596,-0.00909935,0.046259,56,0.00507736,0.0137778,0.0436666,57,-0.0251722,0.0396708,0.0410281,58,0.010701,0.0529084,0.0525584,59,0.049251,-0.0436172,0.0571464,60,0.0230954,0.0102915,0.0286578,61,-0.0404584,-0.0563486,0.031413,62,-0.00937868,0.0124407,0.0313213,63,-0.10565,-0.00112458,0.0309477,64,0.0112749,0.0386982,0.0420284,65,0.0240068,0.137255,0.039721,66,-0.0189852,0.00836216,0.0421088,67,0.0344727,-0.0113887,0.0415503,68,0.0112328,0.0735604,0.028791,69,-0.0173385,0.0179984,0.0434128,70,0.00655985,0.0159211,0.035333,71,0.00568438,-0.00162893,0.0416936,72,-0.00341836,0.0444809,0.0451,73,-0.0300208,0.0401251,0.042291,74,-0.00380499,-0.0113753,0.0318803,75,-0.000677875,0.0236265,0.0376212,76,-0.0286572,-0.0217392,0.0526858,77,-0.0592037,0.107819,0.0377603,78,-0.0210668,-0.0167189,0.0288751,79,-0.0418415,0.142126,0.0383196,80,-0.00731571,0.075297,0.0477498,81,0.0207973,-0.0682261,0.0430287,82,0.0110081,0.0884335,0.0290911,83,-0.000116129,0.0169146,0.0355066,84,-0.0341188,0.0127657,0.0332404,85,-0.0622496,-0.0223706,0.0322624,86,0.00434255,0.0407211,0.0344646,87,0.0180426,-0.0596919,0.0447616,88,-0.00674045,0.0895639,0.0405372,89,-0.0444231,0.0283562,0.0423964,90,0.0308726,0.0146023,0.036078,91,0.00938751,-0.065938,0.0391274,92,-0.0155141,0.0651222,0.0378163,93,-0.0270957,0.0653371,0.0319357,94,0.0530108,0.14006,0.03576,95,-0.00676865,-0.00267121,0.0345881,96,0.0326428,0.0824872,0.0351241,97,0.000931338,0.0258666,0.0301209,98,-0.0231987,0.0379084,0.0288156,99,0.000654292,-0.0101809,0.0340044,
generation,9,0,0.00451809,-0.0429825,0.04374,1,0.0715353,-0.298612,0.0388493,2,0.0116895,-0.0659679,0.0336347,3,0.000238101,0.0589713,0.0289176,4,-0.0162768,0.00261202,0.028854,5,0.0524343,-0.0809083,0.0451119,6,0.0426812,-0.0371069,0.0356933,7,-0.000826374,0.0462725,0.0359753,8,-0.00353887,0.000906505,0.038568,9,0.00660303,-0.126481,0.0394554,10,0.0785819,-0.188785,0.0366189,11,0.019901,0.0554239,0.0342986,12,-0.0382822,-0.0163915,0.0332261,13,0.0210135,0.0454079,0.0340416,14,-0.0474979,0.190237,0.0293955,15,0.0529967,-0.0421583,0.030983,16,-0.0143655,-0.00144243,0.030116,17,0.0769492,0.0464972,0.0318111,18,0.0572715,-0.00414275,0.0347436,19,-0.026059,0.00539911,0.0356137,20,0.0251936,0.0380267,0.0359221,21,0.0281985,-0.049346,0.0451882,22,0.0170711,-0.0384755,0.0501846,23,0.0440291,-0.0847317,0.0294431,24,0.00398656,-0.025249,0.033714,25,-0.00739426,0.0380053,0.0312144,26,0.0056901,0.0550494,0.0333851,27,-0.0321287,-0.0187143,0.0510573,28,-0.0106477,-0.0561942,0.0404443,29,-0.00197181,0.00121648,0.0287551,30,0.143326,0.1059,0.0341824,31,0.064175,0.025172,0.0304875,32,-0.212534,-0.0584153,0.0287322,33,0.0661594,-0.0832778,0.0472272,34,0.0898635,0.08155,0.0437985,35,0.068603,0.17643,0.0417736,36,-0.0318609,0.025202,0.0539569,37,0.0225065,0.0177028,0.0291717,38,0.0450151,0.00568794,0.0292132,39,0.0160343,0.108934,0.0325613,40,-0.0169362,0.0186842,0.0292021,41,0.0299044,0.0494572,0.0611301,42,0.20657,0.166211,0.0334183,43,0.0271598,0.0623685,0.0430904,44,0.0176137,0.00167964,0.0320029,45,0.00906487,0.0396084,0.0316318,46,-0.00717438,0.139456,0.041016,47,0.0313514,0.14297,0.0388494,48,-0.0433526,-0.0555424,0.0330796,49,0.0391617,0.0513768,0.0330416,50,0.0243503,0.0200965,0.035361,51,0.0184178,-0.0687396,0.033523,52,0.0745244,0.140359,0.0295232,53,0.0594163,0.0820915,0.0303788,54,-0.0376225,0.0869483,0.0355959,55,-0.0292809,0.017118,0.0377751,56,0.0926616,0.0217461,0.0463344,57,-0.0901813,-0.0594227,0.0358896,58,-0.0206223,-0.0221553,0.0297529,59,-0.000992368,0.0468064,0.0316528,60,0.0579489,0.0356446,0.0392283,61,-0.0220338,0.0463025,0.0318795,62,-0.0404956,0.0395493,0.0385735,63,-0.0016793,-0.0410175,0.0381926,64,0.0347764,0.0308447,0.0288715,65,0.00573731,0.00227212,0.0398488,66,0.0530798,0.0140349,0.0355612,67,-0.046781,-0.0882026,0.0398397,68,0.0407697,0.0545859,0.0499576,69,-0.0103957,-0.014468,0.02878,70,0.0121671,-0.00102774,0.0321948,71,-0.0320558,0.0315569,0.0471349,72,0.00282852,0.0136607,0.0296238,73,0.0198278,-0.0772606,0.0381301,74,0.0261817,0.117598,0.0511292,75,-0.0148344,0.0376904,0.0362336,76,0.0214413,-0.0625124,0.0363372,77,0.146834,-0.0876248,0.0333572,78,0.0950978,0.0863655,0.0433191,79,-0.0528733,-0.089796,0.0289194,80,0.0291206,-0.0392573,0.0569339,81,0.176048,0.245737,0.0286671,82,-0.000375459,0.0292771,0.0357841,83,-0.0228272,-0.0640248,0.0407021,84,0.00101545,0.00331964,0.0396585,85,0.017147,0.000967986,0.0290482,86,0.178568,0.0715421,0.039542,87,-0.031923,0.0309246,0.0288843,88,0.0312123,0.110063,0.0313645,89,0.0032625,0.0576437,0.0289702,90,-0.0368821,-0.0308249,0.0310219,91,0.0241745,-0.0848769,0.03049,92,-0.0163307,0.0455812,0.0293978,93,-0.056379,-0.0100225,0.0338203,94,0.013313,-0.0319891,0.0365094,95,0.0466407,-0.105509,0.0314481,96,0.060418,-0.0817038,0.0510275,97,-0.0377009,0.00514535,0.0355513,98,0.0181039,0.175226,0.0304724,99,-0.105271,-0.105504,0.0287063,
generation,10,0,0.0227193,-0.0559593,0.0372657,1,-0.00643327,-0.0202049,0.0290331,2,0.0107457,0.0276259,0.0287401,3,-0.0441475,-0.0359674,0.0426509,4,0.0910964,0.00589474,0.0364908,5,0.116257,0.0981107,0.0290956,6,0.00106213,0.0615403,0.0457972,7,0.0117453,0.0306179,0.0301977,8,0.0699896,0.0836637,0.0290822,9,0.00267048,0.0404258,0.0306963,10,-0.0241501,-0.0447458,0.0476422,11,-0.00195699,0.029161,0.0300214,12,-0.00178852,-0.0441249,0.0361611,13,0.00285448,-0.0138314,0.0295054,14,-0.0361402,0.0426486,0.0419963,15,0.00983227,0.0466046,0.0313441,16,0.00830063,0.0218677,0.042118,17,0.00351375,-0.012177,0.0440816,18,-0.000302722,-0.0185852,0.0326793,19,0.0183483,0.00364033,0.0398877,20,0.01105,-0.0539674,0.0288963,21,0.0251045,0.126283,0.032897,22,-0.0163111,0.0120614,0.0457705,23,-0.0329758,0.0365197,0.0290909,24,0.0504764,-0.139052,0.0309509,25,-0.0359816,-0.100487,0.0378515,26,0.0254506,-0.0252604,0.0383963,27,-0.00326509,-0.00069593,0.0292431,28,0.074883,0.00890519,0.0310773,29,-0.0484041,0.00712328,0.0288125,30,0.00622431,-0.0326552,0.0382597,31,-0.0682894,0.0311544,0.0370813,32,-0.00631427,0.0274498,0.0437595,33,0.00979486,0.0296162,0.0294888,34,0.0130414,-0.0491605,0.0329435,35,-0.0010982,0.0426857,0.029703,36,0.0234452,0.114342,0.033591,37,0.00480973,-0.00208283,0.0380541,38,0.0330342,-0.00559777,0.0287616,39,-0.0634266,-0.0676737,0.0301432,40,0.0108272,0.0467364,0.0533845,41,-0.0256138,-0.0320283,0.0315983,42,-0.00837318,0.00414784,0.0358417,43,-0.0221841,-0.0264227,0.0311189,44,-0.00806189,0.00464199,0.0348389,45,0.00154215,-0.00732354,0.0533847,46,-0.00598071,-0.0281438,0.0402441,47,-0.00360781,-0.00104009,0.0318334,48,0.00725338,0.102611,0.0365395,49,0.0221445,-0.0455092,0.0322882,50,-0.0284507,-0.0865143,0.0499733,51,0.037071,0.0608804,0.0340334,52,0.0347497,0.00843103,0.0292452,53,0.00905557,0.0519229,0.0383062,54,0.0391626,-0.0501592,0.056043,55,-0.011572,-0.0148709,0.0526065,56,-0.0211169,0.0103759,0.028818,57,0.0191217,-0.0144357,0.0375884,58,0.204873,0.031348,0.0341058,59,-0.0634239,-0.128528,0.0302785,60,-0.0157283,0.0723703,0.0377122,61,0.0139974,0.0606964,0.0330357,62,-0.0126118,-0.0366194,0.0336954,63,-0.0255298,0.0659068,0.0356911,64,0.0415756,-0.0168897,0.0303899,65,0.00291442,0.039204,0.0451912,66,-0.032466,0.0357883,0.0405435,67,0.0100747,-0.0673125,0.0364475,68,0.0297656,0.0723594,0.0350838,69,0.0874425,-0.0622679,0.0410982,70,-0.0250479,0.0106911,0.0343985,71,-0.0455572,-0.0527808,0.0380068,72,0.0715723,0.0226688,0.0303937,73,-0.00739483,-0.0236323,0.0286603,74,-0.0425915,-0.0159413,0.0309042,75,-0.0255017,0.0586296,0.0458764,76,0.0271332,0.0548353,0.0340062,77,-0.0167512,-0.0593418,0.0379936,78,-0.0127959,0.0288036,0.0299217,79,0.033467,-0.0358569,0.033679,80,-0.0277639,-0.0231756,0.0324114,81,-0.019716,0.0292146,0.0325661,82,0.00274672,-0.022709,0.0389236,83,0.00325952,-0.127668,0.0286822,84,0.0355642,-0.148309,0.0357803,85,0.0871317,0.12305,0.044219,86,0.134428,0.171568,0.0321062,87,0.0416759,-0.0290014,0.0437636,88,-0.0032271,0.0104524,0.0287774,89,-0.0143114,0.0513188,0.0310217,90,0.0436309,-0.00647207,0.0372559,91,0.0193087,-0.0777126,0.0362791,92,0.0118517,0.0337004,0.030342,93,0.022638,0.0267302,0.0293389,94,-0.0124587,-0.0258405,0.0439911,95,0.246032,0.099242,0.028649,96,0.0127307,-0.0323544,0.0404055,97,0.0259288,-0.0660742,0.0401652,98,-0.0181218,-0.0616469,0.0307461,99,-0.00144234,-0.0703001,0.0354979,
generation,11,0,-0.0210595,0.00776138,0.0356317,1,-0.0286496,0.0682353,0.0401189,2,0.0120772,-0.0604402,0.0435769,3,-0.054151,-0.00867874,0.0420871,4,0.0150722,0.0500776,0.052949,5,-0.0273626,0.00975179,0.0416899,6,-0.0154899,-0.0576025,0.0361647,7,0.0254965,0.0952597,0.0287839,8,0.0112715,0.052782,0.0365542,9,-0.000501106,0.0433158,0.0308393,10,0.0321505,0.176526,0.0300828,11,-0.0450962,0.0106571,0.0343654,12,0.0153699,0.0060301,0.0380993,13,0.0535561,0.0381157,0.0298472,14,0.069141,0.252221,0.0304794,15,-0.00875484,0.0536429,0.0413677,16,0.0220488,-0.0770532,0.0415565,17,0.0380053,-0.107755,0.0294813,18,0.000883245,0.0108229,0.0297242,19,-0.00609287,-0.0221763,0.0421277,20,0.0150115,0.0767337,0.0387108,21,-0.0480639,-0.0928636,0.0434772,22,0.0583019,0.136916,0.0315961,23,-0.0264228,-0.0307365,0.0442765,24,0.0469858,0.0298184,0.0323363,25,0.00264338,-0.0205317,0.0401122,26,-0.0291311,0.0117299,0.0304307,27,-0.0195264,0.00625442,0.0386532,28,0.00808663,0.0469842,0.0289551,29,-0.0500529,-0.0543576,0.0382297,30,0.0122961,-0.0244274,0.0345143,31,0.0382464,-0.0523538,0.0339689,32,0.0956011,0.126744,0.0408261,33,0.0056578,0.00265162,0.0309445,34,-0.0155448,-0.0160461,0.035533,35,-0.00506756,0.0376904,0.0358689,36,-0.00412751,0.0297123,0.032831,37,0.0299944,0.0201345,0.0415545,38,0.077974,0.0657286,0.0430496,39,0.0336787,0.0998928,0.0417805,40,-0.00877621,0.0258789,0.0295383,41,-0.016386,-0.0501623,0.0293493,42,-0.0396075,0.00631976,0.0396172,43,-0.0168628,-0.0945586,0.0294097,44,0.0630079,-0.00135069,0.0417848,45,0.00177158,-0.00864847,0.0322473,46,-0.0354376,0.0125138,0.0459186,47,0.00212943,0.0181313,0.0387145,48,0.0263697,0.0711793,0.0296361,49,-0.00632741,0.160967,0.0420693,50,-0.0159518,0.0742436,0.0367956,51,0.0612338,-0.032507,0.0445944,52,0.0124451,0.0212847,0.0302346,53,0.0529766,0.0213297,0.0342503,54,-0.0328346,-0.0389871,0.0414144,55,0.0318361,0.0803619,0.0360156,56,0.103954,0.0320952,0.0302322,57,0.0145351,-0.0232036,0.0415352,58,0.0595331,-0.0565072,0.0557224,59,0.0357556,-0.0213717,0.0298026,60,0.00294655,0.0213735,0.0286934,61,-0.0601361,-0.00684957,0.0376045,62,0.0720201,0.0397067,0.0365453,63,0.0842001,0.133314,0.0380498,64,-0.0147091,0.101578,0.036584,65,-0.0091578,-0.0264782,0.036645,66,-0.0655482,-0.122931,0.0414573,67,-0.00477145,0.019772,0.0397888,68,-0.0792233,-0.0392763,0.0466197,69,0.0175588,0.0400604,0.0373832,70,-0.0593231,0.0264746,0.032707,71,0.186342,-0.00402101,0.0309707,72,-0.0182697,0.00801621,0.038916,73,0.0131936,-0.00280504,0.032142,74,-0.0833071,0.0857403,0.0361467,75,0.00726786,-0.0418484,0.0302472,76,0.0473494,0.0441459,0.030656,77,0.0545476,0.13273,0.0352054,78,-0.00418379,-0.0342131,0.0303923,79,0.00651523,0.0394615,0.0328863,80,-0.0176547,0.0729673,0.0361383,81,-0.00318208,0.0137596,0.0306936,82,0.00148864,0.0636576,0.0363876,83,0.031168,-0.0126113,0.0358868,84,-0.00588658,-0.0601892,0.0368322,85,-0.0394072,-0.0586321,0.0398039,86,0.00735813,-0.0279224,0.0392429,87,-0.0483492,0.0649678,0.0524343,88,0.0881382,-0.0873755,0.0372397,89,0.0157961,0.0396487,0.0447798,90,0.0143728,-0.0222909,0.0304776,91,-0.0256069,-0.0552124,0.0310069,92,-0.0546245,-0.0575466,0.0316704,93,-0.000705022,-0.0239184,0.0398279,94,-0.00589193,0.0267342,0.0294593,95,0.00973799,0.00983848,0.032078,96,-0.0467805,0.0363799,0.0361667,97,0.0169587,-0.0303243,0.0290437,98,-0.00781006,0.0235139,0.0352883,99,-0.0600183,-0.0204213,0.0376432,
generation,12,0,0.145613,0.0996896,0.0287602,1,0.0998735,0.0628545,0.030966,2,-0.0103147,0.0165018,0.0433007,3,0.054782,0.0655404,0.0431307,4,-0.0296353,0.0181617,0.0308954,5,0.000614743,-0.0236018,0.0351424,6,0.0439734,-0.0104931,0.0321366,7,0.00869548,-0.064751,0.0426776,8,-0.02308,0.0408434,0.0297515,9,-0.00943402,-0.017357,0.0332726,10,-0.0303159,0.0247363,0.0381859,11,0.0176732,-0.0231747,0.0340578,12,-0.00886998,0.0339818,0.0290238,13,0.0202853,0.0599772,0.0448063,14,0.0198159,0.0262122,0.0387159,15,-0.00495038,-0.0873316,0.0455477,16,0.162792,0.186893,0.0319344,17,0.0151847,-0.135361,0.035946,18,0.00541423,0.00330477,0.0375134,19,0.0700719,0.0476099,0.029224,20,0.0905734,-0.0451254,0.0375349,21,-0.00376906,-0.00684462,0.0335397,22,-0.0263595,0.0839983,0.0470272,23,0.0346513,0.0155181,0.0301312,24,0.0119885,-0.0104272,0.0372194,25,-0.0397643,-0.0964131,0.0345072,26,-0.0070496,-0.101273,0.0362983,27,0.121663,0.162418,0.0406223,28,0.00873295,0.00985671,0.0347308,29,0.172982,0.0263001,0.038273,30,-0.0411065,-0.0834832,0.035463,31,-0.0279112,0.00348174,0.0315298,32,0.197226,0.0384967,0.0304591,33,0.0106103,-0.0133847,0.0347117,34,-0.0111572,0.0156015,0.0499387,35,-0.000139711,-0.0281018,0.0286911,36,0.0241615,0.0350326,0.0374067,37,0.000693273,0.0159385,0.0310286,38,0.0384851,-0.0443047,0.0288498,39,-0.0399369,0.0443857,0.0334212,40,0.0379913,-0.0998612,0.0446409,41,-0.017411,0.0367311,0.0413777,42,0.0228748,0.140928,0.0319946,43,-0.0220892,0.00638466,0.0391729,44,-0.0161693,-0.0593745,0.0293059,45,-0.0983777,-0.0440692,0.0304826,46,-0.0114093,-0.0172443,0.028789,47,-0.0413785,-0.00469663,0.0403417,48,-0.00686372,0.0235229,0.0435638,49,0.0447205,-0.0240973,0.0371114,50,0.0449673,0.105304,0.0318512,51,-0.0157265,0.0703969,0.0327406,52,-0.0597245,-0.0114739,0.0374246,53,0.00987482,0.00917115,0.0354614,54,0.00369348,-0.00439832,0.0288641,55,0.043409,0.0131167,0.0359214,56,-0.0242012,-0.0289226,0.0287322,57,-0.0329907,-0.100671,0.0422497,58,-0.0179234,0.0470178,0.0375716,59,0.0111041,-0.0140901,0.0294956,60,-0.0396538,0.13177,0.0563207,61,0.0224048,-0.0148894,0.0387922,62,0.0157858,0.0423312,0.0309061,63,-0.00908376,0.0734873,0.04454,64,0.00438265,0.0478158,0.0367625,65,0.0479843,0.0074558,0.0364851,66,0.0475432,-0.0334395,0.033393,67,-0.0353147,-0.00384535,0.0391316,68,0.177819,0.0179915,0.0397083,69,0.0234741,-0.00454381,0.0324593,70,0.0738164,0.00747126,0.046831,71,0.0540133,0.131332,0.0347653,72,-0.0393238,0.00914139,0.0383676,73,0.0442584,-0.0734939,0.0420676,74,0.00594901,0.0337491,0.0342587,75,0.142105,-0.0445633,0.0302452,76,-0.0130744,0.000544561,0.03323,77,-0.0278818,-0.0709389,0.0335189,78,-0.0319567,-0.00732069,0.0383302,79,-0.00047674,0.0146467,0.0607182,80,0.0227433,0.0823882,0.0301275,81,0.0156037,0.0695307,0.0438355,82,0.0114765,0.0706062,0.028922,83,0.0102905,0.0696982,0.0293846,84,0.0289263,0.0483889,0.0291041,85,0.0364692,0.0423546,0.0392441,86,-0.0426159,-0.0011753,0.037222,87,-0.0220894,-0.105187,0.0316806,88,-0.0336294,-0.0625797,0.0338662,89,-0.00412284,0.0585973,0.0358135,90,-0.00581144,0.018045,0.0343442,91,-0.0376445,-0.00440967,0.0377884,92,-0.00324175,0.0076228,0.0338655,93,0.0563979,-0.0367792,0.0339288,94,-0.0203294,-0.031737,0.0337147,95,0.0368126,0.0516529,0.0290093,96,-0.239808,-0.0300462,0.0473518,97,-0.00179196,-0.0545475,0.038074,98,-0.0177974,-0.0552625,0.0326792,99,-0.0148858,-0.127667,0.0409849,
generation,13,0,0.0211268,0.000500778,0.0343692,1,0.0255161,0.0869281,0.0369117,2,-0.00783644,-0.111915,0.039373,3,-0.0136392,0.0795942,0.0375459,4,-0.0138439,0.0402552,0.0437694,5,-0.00728257,-0.105644,0.0302853,6,-0.00217795,0.0705575,0.0292461,7,-0.0150667,-0.0147537,0.0359905,8,-0.166226,-0.0138594,0.0299136,9,0.015519,0.102819,0.043943,10,0.0110819,0.144836,0.0288575,11,0.0455181,0.00988455,0.0322871,12,-0.0606239,0.0268718,0.0396123,13,-0.0118485,-0.00373636,0.0293454,14,-0.00493256,-0.0574602,0.0290932,15,0.00320351,-0.00740507,0.0287696,16,0.00843674,-0.0132695,0.0289463,17,0.00278744,0.0458544,0.0408845,18,-0.0778586,-0.0315373,0.0326413,19,-0.00297788,-0.0148479,0.0398195,20,0.0580615,0.0694465,0.0357409,21,0.016165,-0.0343391,0.0399888,22,0.00494472,0.057646,0.031111,23,-0.0223259,-0.036592,0.0320751,24,0.0166252,-0.0180197,0.036041,25,-0.0420161,-0.0100276,0.0436173,26,0.0433502,0.0367909,0.0411374,27,-0.0279318,0.0302078,0.0357382,28,-0.0229114,0.0285411,0.0416951,29,-0.0124659,0.0163932,0.0403738,30,-0.0206495,-0.083613,0.0288549,31,-0.0322065,-0.0246505,0.0314726,32,-0.0265819,-0.0883228,0.0349186,33,-0.0101739,0.0133669,0.0293577,34,-0.0147791,-0.00339153,0.0311288,35,0.00832327,0.000395511,0.0375255,36,0.0215317,0.0488947,0.0482401,37,-0.0878453,-0.162241,0.0290829,38,0.0612616,0.0162205,0.0341238,39,0.0193641,-0.0366415,0.0380983,40,-0.0234714,0.00364292,0.0486545,41,0.0408892,0.115271,0.031117,42,0.0218772,-0.0185702,0.0346983,43,-0.0183742,0.0770909,0.0422354,44,-0.0269135,0.0297657,0.0295357,45,0.00557838,-0.0129028,0.0411433,46,0.0489038,-0.0469195,0.0313403,47,0.0059519,-0.00697475,0.030816,48,-0.0151578,0.0450053,0.0331277,49,0.0519667,0.102294,0.0346001,50,-0.191749,-0.00108872,0.0366877,51,0.0156253,-0.124037,0.0289429,52,-0.00638732,-0.143831,0.0296596,53,-0.0526813,-0.0371228,0.0290989,54,-0.0103497,-0.0870204,0.034223,55,-0.0256765,0.0102328,0.0410101,56,-0.0205556,0.0814536,0.0439932,57,0.0423828,0.0524118,0.036526,58,0.0136856,-0.0190324,0.0492585,59,0.0314987,-0.0659944,0.0286119,60,-0.0278459,-0.00148165,0.0389056,61,-0.00812222,-0.0989205,0.0436015,62,-0.016765,0.0542708,0.038503,63,-0.000332425,-0.133649,0.0286814,64,-0.00726549,0.0264873,0.0354134,65,-0.0161574,0.0191682,0.0289366,66,0.0244708,-0.0183989,0.0288948,67,0.0797589,0.184863,0.0405701,68,-0.0251936,0.0600974,0.0412704,69,-0.0626554,0.0594559,0.0334001,70,-0.0502554,-0.131478,0.0405528,71,0.0522535,0.178736,0.0290489,72,0.0010523,-0.029284,0.0356597,73,-0.00507444,0.0886149,0.0330356,74,0.00756944,-0.0200825,0.0374072,75,-0.00662164,0.0967503,0.0460502,76,-0.00465995,-0.0327739,0.0296679,77,-0.0091808,-0.0296901,0.0378769,78,-0.0136188,-0.0830144,0.0393152,79,-0.0319571,0.0348742,0.0291042,80,-0.0138268,0.0310766,0.0387591,81,-0.0102469,-0.00730616,0.0481009,82,0.0191715,0.031239,0.0394297,83,0.00856305,0.0339193,0.0352921,84,-0.0235856,0.0096924,0.0393242,85,-0.000126677,0.00104624,0.0321896,86,0.131577,-0.0710815,0.0351696,87,0.0279946,0.0119807,0.0550403,88,-0.0641493,0.0243954,0.0288025,89,-0.0120029,-0.00472646,0.0391943,90,0.0508733,-0.016203,0.0322658,91,-0.0465376,-0.0240858,0.0421875,92,0.0148292,-0.0457435,0.0405286,93,-0.010253,-0.0272299,0.0399798,94,-0.0429955,-0.0951276,0.0372772,95,-0.00982177,0.00308188,0.0300368,96,0.0344697,0.0251251,0.0396106,97,0.00200102,-0.00821424,0.0428168,98,0.00697657,0.0098354,0.0345068,99,-0.0747563,-0.109044,0.043449,
generation,14,0,0.0647694,-0.00128056,0.047336,1,0.0230757,-0.021898,0.0291924,2,-0.00777372,-0.0985109,0.0413519,3,0.0364107,-0.139841,0.0358771,4,-0.0167362,0.0144569,0.030588,5,0.0511122,0.0488893,0.0354009,6,-0.0946338,0.0119576,0.0320602,7,0.0204984,-0.0956277,0.0306423,8,0.218031,0.132636,0.0334016,9,-0.0327924,0.022331,0.0340672,10,0.271342,-0.0378987,0.0289443,11,0.0242237,0.0179289,0.0288236,12,0.0362725,-0.0126095,0.0346182,13,-0.0108893,0.0171327,0.0292827,14,-0.0644128,-0.121594,0.0307853,15,-0.0183726,0.14771,0.0408155,16,-0.0172504,-0.0512475,0.0393903,17,0.0610552,0.149698,0.0399444,18,0.0740815,-0.008104,0.0449638,19,-0.0344027,-0.0118885,0.0416325,20,-0.0161834,0.0122839,0.031486,21,0.0141015,0.0276232,0.0374784,22,0.0160811,-0.0405949,0.0289504,23,-0.0133526,-0.0323179,0.0303152,24,0.00205611,-0.0317143,0.0316766,25,-0.0424114,-0.0532933,0.0314756,26,-0.0757254,-0.0734151,0.029168,27,0.0299297,0.0537162,0.0354688,28,0.0214672,-0.0998483,0.0393323,29,-0.0382414,-0.0129043,0.0359199,30,-0.0350928,-0.0719874,0.0328261,31,-0.00396627,0.114046,0.0470004,32,0.000575502,0.0400958,0.041967,33,-0.0161464,-0.040372,0.030047,34,-0.0241975,0.00543863,0.0341499,35,-0.0214772,-0.0167625,0.0395534,36,-0.0113437,-0.042543,0.0328691,37,0.0368042,-0.0783105,0.0306268,38,0.00990827,-0.0156722,0.0490163,39,0.0261241,0.0239351,0.043059,40,0.0074892,0.00852437,0.0299393,41,0.0125235,-0.0200526,0.0455645,42,-0.0322658,-0.0323463,0.0295576,43,0.0279055,0.0588642,0.0406119,44,0.0222191,-0.0337357,0.0402465,45,0.000669374,0.0263075,0.0357316,46,0.0098541,0.0371706,0.0288268,47,-0.00206556,-0.0455543,0.0323545,48,-0.0377462,0.0441907,0.047115,49,0.0539156,0.0319515,0.0336616,50,0.00339109,-0.00949354,0.0334932,51,-0.081675,0.0721106,0.030577,52,-0.0836825,-0.158122,0.0292842,53,-0.0189905,-0.012349,0.0290589,54,-0.0175872,-0.0562474,0.0570266,55,-0.0739334,-0.16462,0.031153,56,-0.0167344,-0.0303194,0.0289385,57,0.0371142,-0.103846,0.0377441,58,0.0874157,0.271337,0.0345882,59,0.00414497,0.134209,0.0325614,60,-0.0380217,0.0605584,0.0357343,61,-0.0330597,-0.0385814,0.0375356,62,0.0200738,-0.0320663,0.0322564,63,-0.0396698,0.04024,0.0289592,64,-0.00262799,0.00153836,0.0454742,65,0.027899,0.0366881,0.0343219,66,-0.0215444,0.00518834,0.0328715,67,-0.0188805,0.119979,0.0317923,68,-0.00830541,-0.0372945,0.0291513,69,-0.0265946,0.0289789,0.0385622,70,-0.184609,-0.191965,0.0345054,71,-0.0666837,-0.0518687,0.0297672,72,0.149744,0.0847675,0.0315361,73,-0.0390895,-0.0180739,0.0407756,74,0.0260569,0.0546014,0.0399691,75,-0.0173814,-0.0454347,0.0446817,76,0.0630826,0.0584328,0.0401425,77,0.000582435,-0.17272,0.0369408,78,0.00679293,0.0192989,0.0299213,79,0.0217202,-0.00984867,0.0457705,80,-0.0276289,-0.0722629,0.0587082,81,0.0225888,-0.0379589,0.02897,82,0.027108,0.00677882,0.0457953,83,-0.0675873,0.0807482,0.044124,84,-0.0294384,-0.0585002,0.0339863,85,-0.0131372,0.0185859,0.0367489,86,-0.0463521,-0.0107603,0.0302054,87,0.02775,-0.071486,0.0318008,88,0.0107886,0.0942721,0.0292538,89,-0.145567,-0.152172,0.0377194,90,-0.0252484,0.0127132,0.0383066,91,0.00271961,-0.138574,0.0336081,92,-0.182443,0.0612841,0.0451445,93,-0.0240693,0.00453134,0.0315143,94,-0.0391124,-0.0428114,0.0405675,95,-0.01675,0.147895,0.0366151,96,-0.00283121,-0.0220105,0.031918,97,-0.0148165,-0.0241937,0.0317303,98,-0.0485952,-0.0193863,0.0374164,99,-0.0460114,0.0588227,0.0399152,
generation,15,0,0.319741,0.150347,0.0299076,1,-0.0355684,-0.0333657,0.0315691,2,0.0262279,-0.0239137,0.0298476,3,-0.0419608,-0.00891619,0.0459584,4,-0.0282612,-0.0566278,0.0291891,5,0.0328954,-0.0312752,0.0431694,6,-0.0111311,0.0285647,0.0366313,7,0.0144282,-0.149321,0.0291354,8,0.012069,0.0169024,0.0401215,9,-0.0248049,-0.0157603,0.0320369,10,-0.00891009,-0.0909846,0.0421603,11,-0.0763906,0.00632148,0.0314382,12,-0.0134996,-0.0300066,0.0312233,13,0.0109495,0.014065,0.0289485,14,-0.027168,-0.0689303,0.0403633,15,-0.00661396,0.0968716,0.0476842,16,0.0851074,0.00554068,0.0479234,17,-0.0558305,-0.0389637,0.0371988,18,-0.0750624,0.089655,0.0304769,19,0.0262158,0.0263735,0.0383636,20,-0.00556411,-0.0359959,0.0429313,21,0.00660358,0.0112071,0.0289644,22,-0.0530099,-0.0341668,0.0411124,23,-0.0352168,-0.00765513,0.0314244,24,0.0388421,0.030048,0.0383013,25,-0.00356585,7.38388e-05,0.028827,26,0.0566374,0.0560361,0.0317406,27,0.050483,0.018782,0.0379889,28,-0.0129375,0.0313534,0.0323495,29,-0.0176436,-0.0229057,0.0418971,30,0.039394,-0.0322233,0.0294727,31,-0.0163369,-0.0137083,0.038878,32,-0.0610686,0.105679,0.0402872,33,-0.02671,-0.0305346,0.0401486,34,0.0095401,-0.0213859,0.0309568,35,0.0458566,-0.0708207,0.0385022,36,0.0112294,-0.0395375,0.0419613,37,-0.0103909,0.0477135,0.0506998,38,0.0170616,-0.00923612,0.0415033,39,-0.00888352,-0.033721,0.0302609,40,-0.055667,0.0306117,0.0334639,41,-0.0132599,-0.00325593,0.0292192,42,-0.0318831,-0.0471854,0.0377321,43,0.0225897,0.0105399,0.0406734,44,0.0239436,0.0359973,0.049062,45,-0.0283522,0.116181,0.0366561,46,-0.0174693,0.010535,0.0359472,47,-0.015571,0.102162,0.0314055,48,0.00569727,-0.00322747,0.0290507,49,0.172139,0.0192951,0.0496003,50,-0.0127687,0.0578901,0.0344118,51,0.0456355,-0.0290728,0.0445708,52,-0.0223155,-0.011916,0.0346587,53,-0.0242677,0.0343588,0.0366325,54,-0.060885,-0.0350716,0.0392827,55,-0.00834942,0.116973,0.0372448,56,-0.0241115,-0.004194,0.0360572,57,-0.0330477,-0.0385704,0.0373091,58,-0.00780477,-0.038423,0.0296309,59,0.00541576,0.112405,0.0537896,60,9.60609e-05,0.0673883,0.0288711,61,-0.0107204,0.0263527,0.0293779,62,0.0358092,-0.0213975,0.0303625,63,0.277379,-0.13369,0.0306894,64,0.0649634,-0.0108674,0.0299185,65,0.00647436,0.0352853,0.0313813,66,0.0373373,-0.0115954,0.0418293,67,-0.0277522,0.0385873,0.0348899,68,0.023445,-0.00987818,0.038574,69,-0.0343028,-0.0216149,0.0353922,70,-0.0572592,-0.178091,0.0335228,71,0.0373098,0.00150541,0.0291238,72,-0.040829,0.0142258,0.033519,73,-0.00504965,-0.0249144,0.032432,74,-0.062847,-0.107502,0.0289686,75,0.0430215,0.0580695,0.042765,76,-0.0126109,0.0164051,0.0325407,77,-0.057986,0.284811,0.0349632,78,0.0549107,0.159555,0.0412903,79,0.00866514,-0.0157278,0.0324226,80,0.0276839,0.0707607,0.0351735,81,-0.0052932,-0.059555,0.0340941,82,0.0731719,0.106695,0.0484161,83,-0.04291,0.0320385,0.0580836,84,-0.0419513,-0.154782,0.0371135,85,0.0187946,0.0191131,0.0312915,86,0.048219,0.114381,0.0427418,87,-0.0340223,0.122556,0.0400615,88,-0.168446,-0.0686075,0.0384244,89,-0.0484983,0.0444699,0.0349682,90,-0.0498288,-0.0216418,0.0378351,91,0.0238009,-0.00711673,0.0427275,92,0.0115645,0.00818636,0.0476691,93,0.0115488,-0.0112125,0.0319986,94,-0.0509177,-0.0665662,0.033157,95,-0.0318935,-0.0723819,0.0320784,96,-0.0116562,0.0168171,0.0395566,97,0.0188705,-0.0786953,0.0493661,98,0.0194874,0.0183563,0.0287375,99,0.0230462,0.0302843,0.0460128,
