0,100,2,0.0625,0,0.0625,0,0.0625,0,0.0625,0,0.046875,0.2,0.0625,0,0.0625,0,0.046875,0.6,0.0625,0,0.0625,0,0.0625,0,0.046875,0.933333,0.0625,0,0.046875,0.6,0.0625,0,0.0625,0,0.0625,0,0.0625,0,0.0625,0,0.046875,0.2,0.0625,0,0.0625,0,0.0625,0,0.0625,0,0.0625,0,0.0625,0,0.0625,0,0.0625,0,0.046875,0.2,0.0625,0,0.0625,0,0.0625,0,0.0625,0,0.0625,0,0.046875,0.6,0.0625,0,0.0625,0,0.0625,0,0.046875,0.2,0.046875,0.6,0.046875,0.2,0.0625,0,0.0625,0,0.0625,0,0.0625,0,0.046875,0.2,0.0625,0,0.0625,0,0.0625,0,0.046875,0.2,0.0625,0,0.0625,0,0.0625,0,0.0625,0,0.0625,0,0.0625,0,0.0625,0,0.046875,0.2,0.046875,0.2,0.0625,0,0.0625,0,0.0625,0,0.046875,0.6,0.0625,0,0.0625,0,0.046875,0.2,0.0625,0,0.0625,0,0.0625,0,0.0625,0,0.0625,0,0.0625,0,0.0625,0,0.046875,0.2,0.0625,0,0.0625,0,0.0625,0,0.0625,0,0.046875,0.2,0.0625,0,0.0625,0,0.0625,0,0.0625,0,0.0625,0,0.0625,0,0.046875,0.6,0.0625,0,0.0625,0,0.0625,0,0.0625,0,0.0625,0,0.0625,0,0.0625,0,0.0625,0,0.0625,0,0.0625,0,0.0625,0,0.0625,0,0.0625,0,0.0625,0,
1,100,2,0.0625,0,0.0625,0,0.0625,0,0.0625,0,0.0625,0,0.046875,0.666667,0.0625,0,0.046875,0,0.046875,0.4,0.0625,0,0.0625,0,0.0625,0,0.0625,0,0.0625,0,0.0625,0,0.0625,0,0.0625,0,0.03125,0.8,0.046875,0,0.0625,0,0.0625,0,0.0625,0,0.0625,0,0.0625,0,0.0625,0,0.046875,0,0.046875,0,0.03125,0.8,0.0625,0,0.0625,0,0.0625,0,0.0625,0,0.0625,0,0.0625,0,0.0625,0,0.0625,0,0.0625,0,0.0625,0,0.046875,0.4,0.0625,0,0.0625,0,0.0625,0,0.0625,0,0.0625,0,0.046875,0.4,0.0625,0,0.0625,0,0.0625,0,0.046875,0,0.0625,0,0.046875,0,0.0625,0,0.046875,0,0.0625,0,0.0625,0,0.0625,0,0.0625,0,0.0625,0,0.0625,0,0.078125,0.933333,0.0625,0,0.0625,0,0.0625,0,0.0625,0,0.0625,0,0.0625,0,0.0625,0,0.046875,0.4,0.0625,0,0.046875,0,0.0625,0,0.0625,0,0.0625,0,0.0625,0,0.0625,0,0.03125,0.8,0.046875,0.4,0.046875,0.666667,0.0625,0,0.0625,0,0.0625,0,0.046875,0,0.046875,0.666667,0.0625,0,0.0625,0,0.0625,0,0.0625,0,0.0625,0,0.0625,0,0.0625,0,0.0625,0,0.0625,0,0.046875,0.666667,0.0625,0,0.046875,0.4,0.0625,0,0.046875,0.4,0.0625,0,0.0625,0,0.046875,0,
2,100,2,0.0625,0,0.046875,0,0.0625,0,0.0625,0,0.046875,0.333333,0.0625,0,0.046875,0.333333,0.0625,0,0.0625,0,0.046875,0,0.0625,0,0.0625,0,0.0625,0,0.03125,0.8,0.0625,0,0.0625,0,0.046875,0.333333,0.046875,0.666667,0.0625,0,0.0625,0,0.0625,0,0.0625,0,0.0625,0,0.0625,0,0.0625,0,0.0625,0,0.0625,0,0.0625,0,0.0625,0,0.0625,0,0.0625,0,0.0625,0,0.046875,0,0.0625,0,0.046875,0,0.0625,0,0.046875,0.333333,0.0625,0,0.078125,0.933333,0.046875,0,0.0625,0,0.0625,0,0.046875,0,0.0625,0,0.0625,0,0.0625,0,0.046875,0,0.0625,0,0.0625,0,0.046875,0.666667,0.046875,0,0.0625,0,0.046875,0,0.0625,0,0.0625,0,0.0625,0,0.0625,0,0.0625,0,0.046875,0,0.0625,0,0.0625,0,0.0625,0,0.0625,0,0.0625,0,0.0625,0,0.0625,0,0.0625,0,0.0625,0,0.0625,0,0.0625,0,0.046875,0,0.0625,0,0.0625,0,0.0625,0,0.0625,0,0.0625,0,0.0625,0,0.046875,0.333333,0.0625,0,0.0625,0,0.0625,0,0.0625,0,0.0625,0,0.0625,0,0.0625,0,0.0625,0,0.0625,0,0.0625,0,0.0625,0,0.0625,0,0.0625,0,0.0625,0,0.0625,0,0.046875,0,0.046875,0,0.0625,0,0.0625,0,0.046875,0,0.0625,0,0.046875,0.333333,
3,100,2,0.0625,0,0.0625,0,0.046875,0,0.0625,0,0.0625,0,0.0625,0,0.0625,0,0.0625,0,0.0625,0,0.0625,0,0.0625,0,0.0625,0,0.0625,0,0.0625,0,0.0625,0,0.046875,0,0.046875,0,0.0625,0,0.0625,0,0.0625,0,0.046875,0,0.046875,0,0.0625,0,0.0625,0,0.0625,0,0.0625,0,0.0625,0,0.0625,0,0.0625,0,0.0625,0,0.0625,0,0.0625,0,0.0625,0,0.0625,0,0.0625,0,0.0625,0,0.046875,0,0.0625,0,0.0625,0,0.0625,0,0.0625,0,0.0625,0,0.046875,0,0.0625,0,0.0625,0,0.0625,0,0.0625,0,0.0625,0,0.0625,0,0.0625,0,0.0625,0,0.0625,0,0.0625,0,0.0625,0,0.046875,0.0666667,0.046875,0.533333,0.0625,0,0.0625,0,0.0625,0,0.0625,0,0.0625,0,0.0625,0,0.0625,0,0.046875,0.0666667,0.0625,0,0.0625,0,0.046875,0.533333,0.0625,0,0.0625,0,0.0625,0,0.0625,0,0.046875,0.0666667,0.0625,0,0.0625,0,0.0625,0,0.0625,0,0.0625,0,0.03125,0.733333,0.046875,0.0666667,0.0625,0,0.0625,0,0.0625,0,0.046875,0,0.0625,0,0.046875,0,0.046875,0,0.0625,0,0.0625,0,0.0625,0,0.046875,0.0666667,0.0625,0,0.046875,0.0666667,0.046875,0,0.0625,0,0.03125,0.733333,0.078125,0.933333,0.0625,0,0.0625,0,0.046875,0.0666667,0.0625,0,
4,100,2,0.0625,0,0.046875,0,0.0625,0,0.0625,0,0.0625,0,0.0625,0,0.0625,0,0.046875,0,0.0625,0,0.046875,0,0.0625,0,0.0625,0,0.0625,0,0.046875,0,0.046875,0,0.046875,0,0.046875,0.466667,0.0625,0,0.0625,0,0.046875,0,0.0625,0,0.0625,0,0.0625,0,0.046875,0,0.0625,0,0.0625,0,0.0625,0,0.0625,0,0.0625,0,0.046875,0,0.0625,0,0.0625,0,0.0625,0,0.0625,0,0.046875,0,0.0625,0,0.046875,0,0.0625,0,0.0625,0,0.046875,0,0.0625,0,0.0625,0,0.0625,0,0.0625,0,0.0625,0,0.046875,0,0.0625,0.933333,0.0625,0,0.046875,0,0.0625,0,0.0625,0,0.0625,0,0.0625,0,0.0625,0,0.0625,0,0.046875,0,0.046875,0,0.046875,0,0.0625,0,0.0625,0,0.0625,0,0.0625,0,0.046875,0,0.046875,0,0.0625,0,0.03125,0.733333,0.0625,0,0.0625,0,0.0625,0,0.0625,0,0.0625,0,0.046875,0,0.0625,0,0.0625,0,0.0625,0,0.0625,0,0.046875,0,0.0625,0,0.0625,0,0.0625,0,0.0625,0,0.046875,0,0.0625,0,0.0625,0,0.0625,0,0.046875,0,0.0625,0,0.03125,0.733333,0.0625,0,0.0625,0,0.046875,0,0.046875,0,0.046875,0,0.0625,0,0.0625,0,0.046875,0,0.0625,0,0.046875,0,0.0625,0,0.0625,0,
5,100,2,0.0625,0,0.046875,0,0.0625,0,0.0625,0,0.0625,0,0.046875,0,0.046875,0,0.0625,0,0.0625,0,0.0625,0,0.046875,0,0.046875,0,0.0625,0,0.0625,0,0.046875,0,0.0625,0,0.0625,0,0.0625,0,0.0625,0,0.078125,1.29232,0.046875,0.466667,0.0625,0,0.0625,0,0.078125,0.933333,0.0625,0,0.046875,0,0.0625,0,0.0625,0,0.0625,0,0.0625,0,0.0625,0,0.0625,0,0.0625,0,0.0625,0,0.046875,0,0.0625,0,0.0625,0,0.046875,0,0.0625,0,0.0625,0,0.0625,0,0.0625,0,0.0625,0,0.0625,0,0.046875,0,0.0625,0,0.0625,0,0.0625,0,0.0625,0,0.0625,0,0.0625,0,0.0625,0,0.0625,0,0.0625,0,0.0625,0,0.0625,0,0.046875,0,0.0625,0,0.0625,0,0.0625,0,0.0625,0,0.0625,0,0.0625,0,0.0625,0,0.046875,0,0.0625,0,0.0625,0,0.046875,0,0.0625,0,0.0625,0,0.0625,0,0.0625,0,0.046875,0,0.0625,0,0.0625,0,0.0625,0,0.046875,0,0.0625,0,0.0625,0,0.0625,0,0.0625,0,0.0625,0,0.0625,0,0.0625,0,0.0625,0,0.0625,0,0.046875,0,0.0625,0,0.0625,0,0.0625,0,0.0625,0,0.0625,0,0.0625,0,0.0625,0,0.0625,0,0.0625,0,0.0625,0,0.0625,0,0.0625,0,0.0625,0,
6,100,2,0.0625,0,0.0625,0,0.0625,0,0.046875,0,0.0625,0,0.03125,0.733333,0.0625,0,0.0625,0,0.0625,0,0.046875,0,0.0625,0,0.0625,0,0.0625,0,0.0625,0,0.0625,0,0.0625,0,0.0625,0,0.0625,0,0.046875,0,0.0625,0,0.0625,0,0.046875,0,0.0625,0,0.0625,0,0.0625,0,0.0625,0,0.0625,0,0.0625,0,0.0625,0,0.046875,0,0.0625,0,0.0625,0,0.0625,0,0.0625,0,0.0625,0,0.0625,0,0.046875,0,0.0625,0,0.0625,0,0.0625,0,0.0625,0,0.0625,0,0.0625,0,0.0625,0,0.046875,0,0.046875,0,0.0625,0,0.0625,0,0.0625,0,0.0625,0,0.0625,0,0.046875,0,0.0625,0,0.046875,0,0.0625,0,0.0625,0.866667,0.0625,0,0.046875,0,0.0625,0,0.0625,0,0.0625,0,0.0625,0,0.0625,0,0.046875,0,0.046875,0,0.046875,0,0.0625,0,0.0625,0,0.0625,0,0.046875,0,0.0625,0,0.0625,0,0.0625,0,0.046875,0.466667,0.0625,0,0.0625,0,0.0625,0,0.046875,0,0.0625,0,0.0625,0,0.0625,0,0.0625,0,0.046875,0,0.046875,0,0.0625,0,0.046875,0,0.0625,0,0.046875,0,0.0625,0,0.046875,0,0.0625,0,0.0625,0,0.046875,0,0.0625,0,0.0625,0,0.0625,0,0.0625,0,0.0625,0,0.0625,0,0.046875,0,
7,100,2,0.0625,0,0.0625,0,0.0625,0,0.0625,0,0.0625,0,0.0625,0,0.0625,0,0.046875,0,0.0625,0,0.0625,0,0.0625,0,0.0625,0,0.0625,0,0.0625,0,0.0625,0,0.0625,0,0.0625,0,0.046875,0,0.0625,0,0.0625,0,0.0625,0,0.046875,0,0.046875,0,0.0625,0,0.0625,0,0.046875,0,0.0625,0,0.0625,0,0.046875,0,0.0625,0,0.0625,0,0.0625,0,0.0625,0,0.0625,0,0.0625,0,0.0625,0,0.0625,0,0.0625,0,0.0625,0,0.0625,0,0.046875,0,0.0625,0,0.0625,0,0.046875,1.2647,0.0625,0,0.0625,0,0.046875,0,0.0625,0,0.046875,0,0.0625,0,0.046875,0,0.046875,0,0.0625,0,0.0625,0,0.0625,0,0.0625,0,0.0625,0,0.046875,0,0.046875,0,0.046875,0,0.0625,0,0.0625,0,0.0625,0,0.046875,0,0.0625,0,0.0625,0,0.0625,0,0.0625,0,0.0625,0,0.0625,0,0.046875,0,0.0625,0,0.0625,0,0.0625,0,0.046875,0.4,0.0625,0,0.0625,0,0.0625,0,0.0625,0,0.046875,0,0.0625,0,0.0625,0,0.0625,0,0.046875,0,0.0625,0,0.0625,0,0.0625,0,0.0625,0,0.046875,0,0.0625,0,0.0625,0,0.046875,0,0.0625,0,0.0625,0,0.0625,0,0.0625,0,0.0625,0,0.046875,0,0.046875,0,0.046875,0,
8,100,2,0.0625,0,0.046875,0,0.0625,0,0.046875,0,0.0625,0,0.0625,0,0.0625,0,0.0625,0,0.0625,0,0.046875,0,0.0625,0,0.0625,0,0.0625,0,0.046875,0,0.0625,0,0.046875,0,0.0625,0,0.0625,0,0.046875,0.333333,0.0625,0,0.0625,0,0.0625,0,0.0625,0,0.0625,0,0.0625,0,0.0625,0,0.046875,0,0.0625,0,0.0625,0,0.046875,0,0.0625,0,0.0625,0,0.046875,0,0.046875,0,0.0625,0,0.0625,0,0.0625,0,0.0625,0,0.046875,0,0.046875,0,0.0625,0,0.0625,0,0.0625,0,0.0625,0,0.0625,0,0.0625,0,0.0625,0,0.0625,0,0.0625,0,0.0625,0,0.0625,0,0.046875,0,0.078125,0.933333,0.046875,0,0.0625,0,0.0625,0,0.0625,0,0.0625,0,0.0625,0,0.046875,0,0.0625,0,0.046875,0,0.0625,0,0.0625,0,0.0625,0,0.046875,0,0.0625,0,0.046875,0,0.0625,0,0.0625,0,0.046875,0,0.0625,0,0.0625,0,0.0625,0,0.0625,0,0.046875,0,0.0625,0,0.0625,0,0.0625,0,0.0625,0,0.046875,0.333333,0.0625,0,0.0625,0,0.046875,0,0.0625,0,0.0625,0,0.0625,0,0.0625,0,0.046875,0,0.0625,0,0.0625,0,0.0625,0,0.0625,0,0.0625,0,0.046875,0,0.046875,0,0.0625,0,0.0625,0,0.0625,0,0.0625,0,
9,100,2,0.0625,0,0.0625,0,0.0625,0,0.0625,0,0.046875,0,0.0625,0,0.0625,0,0.0625,0,0.0625,0,0.046875,0,0.0625,0,0.0625,0,0.0625,0,0.0625,0,0.0625,0,0.0625,0,0.0625,0,0.0625,0,0.046875,0,0.0625,0,0.0625,0,0.0625,0,0.0625,0,0.0625,0,0.0625,0,0.0625,0,0.0625,0,0.046875,0.133333,0.0625,0,0.046875,0,0.0625,0,0.046875,0.133333,0.0625,0,0.0625,0,0.0625,0,0.046875,0,0.0625,0,0.0625,0,0.0625,0,0.0625,0,0.0625,0,0.0625,0,0.078125,0.866667,0.0625,0,0.0625,0,0.046875,0,0.0625,0,0.0625,0,0.046875,0,0.0625,0,0.0625,0,0.046875,0.133333,0.0625,0,0.0625,0,0.046875,0,0.0625,0,0.0625,0,0.046875,0,0.0625,0,0.0625,0,0.0625,0,0.0625,0,0.0625,0,0.0625,0,0.0625,0,0.0625,0,0.046875,0,0.046875,0,0.046875,0,0.046875,0.133333,0.0625,0,0.0625,0,0.0625,0,0.0625,0,0.0625,0,0.046875,0,0.0625,0,0.0625,0,0.0625,0,0.03125,0.733333,0.0625,0,0.0625,0,0.0625,0,0.0625,0,0.0625,0,0.0625,0,0.046875,0,0.0625,0,0.0625,0,0.0625,0,0.0625,0,0.046875,0,0.0625,0,0.0625,0,0.0625,0,0.0625,0,0.0625,0,0.0625,0,0.046875,0,0.0625,0,
10,100,2,0.0625,0,0.046875,0,0.0625,0,0.046875,0,0.0625,0,0.0625,0,0.03125,0.533333,0.0625,0,0.046875,0,0.0625,0,0.046875,0,0.0625,0,0.0625,0,0.0625,0,0.046875,0,0.0625,0,0.046875,0,0.0625,0,0.0625,0,0.0625,0,0.0625,0,0.0625,0,0.0625,0,0.046875,0,0.046875,0,0.046875,0,0.0625,0,0.046875,0,0.0625,0,0.046875,0,0.0625,0,0.046875,0,0.0625,0,0.0625,0,0.0625,0,0.0625,0,0.0625,0,0.0625,0,0.0625,0,0.0625,0,0.046875,0,0.0625,0,0.046875,0,0.046875,0,0.0625,0,0.0625,0,0.046875,0,0.046875,0,0.0625,0,0.0625,0,0.0625,0,0.0625,0,0.046875,0,0.0625,0,0.0625,0,0.046875,0,0.0625,0,0.0625,0,0.046875,0,0.0625,0,0.0625,0,0.0625,0,0.0625,0,0.0625,0,0.0625,0,0.0625,0,0.046875,0,0.046875,0,0.046875,0,0.0625,0,0.0625,0,0.0625,0,0.0625,0,0.0625,0,0.046875,0,0.0625,0,0.0625,0,0.046875,0,0.0625,0,0.03125,0.533333,0.0625,0,0.0625,0,0.046875,0,0.046875,0,0.0625,0,0.0625,0,0.03125,0.533333,0.0625,0,0.0625,0,0.046875,0,0.0625,0,0.046875,0,0.046875,0,0.0625,0,0.0625,0,0.0625,0,0.046875,0,0.046875,0,0.046875,0,0.03125,0.533333,
11,100,2,0.0625,0,0.0625,0,0.0625,0,0.0625,0,0.046875,0,0.046875,0,0.0625,0,0.0625,0,0.046875,0,0.046875,0,0.0625,0,0.0625,0,0.0625,0,0.0625,0,0.046875,0,0.046875,0,0.0625,0,0.0625,0,0.0625,0,0.0625,0,0.0625,0,0.0625,0,0.0625,0,0.0625,0,0.078125,1.72376,0.046875,0,0.0625,0,0.09375,1.29232,0.0625,0,0.046875,0,0.046875,0,0.0625,0,0.0625,0,0.046875,0,0.046875,0,0.0625,0,0.0625,0,0.0625,0,0.0625,0,0.0625,0,0.0625,0,0.046875,0,0.0625,0,0.0625,0,0.0625,0,0.0625,0,0.0625,0,0.0625,0,0.0625,0,0.0625,0,0.0625,0,0.0625,0,0.0625,0,0.046875,0,0.046875,0,0.09375,1.20948,0.0625,0,0.0625,0,0.0625,0,0.0625,0,0.0625,0,0.0625,0,0.0625,0,0.046875,0,0.0625,0,0.0625,0,0.0625,0,0.0625,0,0.046875,0,0.0625,0,0.046875,0,0.0625,0,0.0625,0,0.0625,0,0.0625,0,0.0625,0,0.0625,0,0.0625,0,0.0625,0,0.046875,0,0.0625,0,0.0625,0,0.0625,0,0.0625,0,0.046875,0,0.0625,0,0.0625,0,0.046875,0,0.078125,0.933333,0.0625,0,0.0625,0,0.0625,0,0.0625,0,0.046875,0,0.0625,0,0.046875,0,0.0625,0,0.046875,0,0.0625,0,0.0625,0,
12,100,2,0.0625,0,0.0625,0,0.03125,0.133333,0.046875,0,0.03125,0.133333,0.0625,0,0.0625,0,0.046875,0,0.0625,0,0.0625,0,0.0625,0,0.046875,0,0.046875,0,0.0625,0,0.0625,0,0.046875,0,0.0625,0,0.0625,0,0.03125,0.133333,0.046875,0,0.0625,0,0.0625,0,0.046875,0,0.046875,0,0.0625,0,0.046875,0,0.0625,0,0.046875,0,0.046875,0,0.0625,0,0.0625,0,0.0625,0,0.0625,0,0.0625,0,0.0625,0,0.046875,0,0.0625,0,0.0625,0,0.0625,0,0.0625,0,0.0625,0,0.0625,0,0.03125,0.133333,0.0625,0,0.0625,0,0.0625,0,0.0625,0,0.0625,0,0.0625,0,0.03125,0.133333,0.0625,0,0.0625,0,0.046875,0,0.0625,0,0.046875,0,0.0625,0,0.046875,0,0.0625,0,0.03125,0.133333,0.046875,0,0.0625,0,0.046875,0,0.0625,0,0.046875,0.933333,0.046875,0,0.0625,0,0.0625,0,0.046875,0,0.0625,0,0.046875,0,0.0625,0,0.0625,0,0.0625,0,0.0625,0,0.0625,0,0.0625,0,0.078125,0.866667,0.0625,0,0.0625,0,0.046875,0,0.0625,0,0.0625,0,0.0625,0,0.0625,0,0.0625,0,0.0625,0,0.0625,0,0.0625,0,0.0625,0,0.0625,0,0.0625,0,0.0625,0,0.03125,0.133333,0.0625,0,0.0625,0,0.0625,0,0.046875,0,0.0625,0,0.0625,0,0.046875,0,
13,100,2,0.046875,0,0.0625,0,0.0625,0,0.0625,0,0.0625,0,0.0625,0,0.0625,0,0.0625,0,0.0625,0,0.046875,0,0.0625,0,0.0625,0,0.0625,0,0.0625,0,0.0625,0,0.0625,0,0.078125,0.866667,0.0625,0,0.0625,0,0.046875,0,0.0625,0,0.046875,0,0.0625,0,0.0625,0,0.0625,0.8,0.046875,0,0.0625,0,0.0625,0,0.0625,0,0.0625,0,0.046875,0,0.0625,0,0.03125,0,0.0625,0,0.0625,0,0.0625,0,0.0625,0,0.046875,0,0.046875,0,0.0625,0,0.0625,0,0.0625,0,0.0625,0,0.0625,0,0.0625,0,0.046875,0,0.03125,0,0.046875,0,0.0625,0,0.046875,0,0.046875,0,0.0625,0,0.03125,0,0.046875,0,0.0625,0,0.0625,0,0.0625,0,0.0625,0,0.0625,0,0.0625,0,0.0625,0,0.0625,0,0.0625,0,0.0625,0,0.0625,0,0.03125,0,0.0625,0,0.0625,0,0.0625,0,0.046875,0,0.0625,0,0.03125,0,0.0625,0,0.03125,0,0.0625,0,0.0625,0,0.0625,0,0.0625,0,0.0625,0,0.0625,0,0.03125,0,0.046875,0,0.0625,0,0.0625,0,0.0625,0,0.0625,0,0.0625,0,0.0625,0,0.03125,0,0.046875,0,0.0625,0,0.0625,0,0.046875,0,0.046875,0,0.0625,0,0.0625,0,0.0625,0,0.0625,0,0.046875,0,0.046875,0,
14,100,2,0.03125,0,0.046875,0,0.046875,0,0.0625,0,0.0625,0,0.0625,0,0.0625,0,0.046875,0,0.046875,0,0.0625,0,0.078125,1.31993,0.0625,0,0.0625,0,0.0625,0,0.0625,0,0.0625,0,0.046875,0,0.046875,0,0.0625,0,0.0625,0,0.046875,0,0.03125,0,0.046875,0,0.0625,0,0.0625,0,0.0625,0,0.0625,0,0.046875,0,0.046875,0,0.0625,0,0.046875,0,0.0625,0,0.0625,0,0.0625,0,0.03125,0,0.0625,0,0.046875,0,0.0625,0,0.0625,0,0.046875,0,0.0625,0,0.0625,0,0.0625,0,0.0625,0,0.0625,0,0.0625,0,0.046875,0,0.0625,0,0.0625,0,0.046875,0,0.0625,0.733333,0.0625,0,0.03125,0,0.046875,0,0.046875,0,0.0625,0,0.0625,0,0.046875,0,0.046875,0,0.0625,0,0.03125,0,0.0625,0,0.03125,0,0.046875,0,0.0625,0,0.0625,0,0.03125,0,0.0625,0,0.0625,0,0.046875,0.933333,0.03125,0,0.0625,0,0.0625,0,0.046875,0,0.0625,0,0.046875,0,0.046875,0,0.0625,0,0.0625,0,0.03125,0,0.0625,0,0.0625,0,0.0625,0,0.03125,0,0.0625,0,0.0625,0,0.0625,0,0.0625,0,0.0625,0,0.046875,0,0.0625,0,0.046875,0,0.078125,0.8,0.03125,0,0.0625,0,0.0625,0,0.0625,0,0.0625,0,0.0625,0,0.0625,0,
15,100,2,0.0625,0,0.046875,0,0.0625,0,0.046875,0,0.046875,0,0.0625,0,0.046875,0,0.0625,0,0.046875,0,0.0625,0,0.0625,0,0.0625,0,0.0625,0,0.0625,0,0.0625,0,0.03125,0,0.0625,0,0.078125,0.733333,0.0625,0,0.0625,0,0.0625,0,0.0625,0,0.0625,0,0.046875,0,0.0625,0,0.046875,0,0.0625,0,0.0625,0,0.0625,0,0.046875,0,0.046875,0,0.0625,0,0.0625,0,0.046875,0,0.03125,0,0.0625,0,0.046875,0,0.046875,0,0.03125,0,0.0625,0,0.0625,0,0.0625,0,0.0625,0,0.046875,0,0.0625,0,0.0625,0,0.0625,0,0.0625,0,0.0625,0,0.046875,0,0.03125,0,0.03125,0,0.03125,0,0.03125,0,0.0625,0,0.0625,0,0.0625,0,0.0625,0,0.046875,0,0.0625,0,0.0625,0,0.0625,0,0.046875,0.866667,0.046875,0,0.046875,0,0.0625,0.933333,0.0625,0,0.0625,0,0.0625,0,0.046875,0,0.03125,0,0.0625,0,0.046875,0,0.0625,0,0.0625,0.933333,0.0625,0,0.0625,0,0.0625,0,0.0625,0,0.0625,0,0.03125,0,0.0625,0,0.046875,0,0.0625,0,0.046875,0,0.0625,0,0.046875,0,0.0625,0,0.046875,0,0.03125,0,0.046875,0,0.046875,0,0.0625,0,0.0625,0,0.0625,0,0.0625,0,0.0625,0,0.0625,0,0.046875,0,0.0625,0,
16,100,2,0.0625,0,0.03125,0,0.0625,0,0.0625,0,0.0625,0,0.046875,0,0.0625,0,0.0625,0,0.046875,0,0.0625,0,0.03125,0,0.0625,0,0.0625,0,0.0625,0,0.0625,0,0.0625,0,0.0625,0.866667,0.0625,0,0.0625,0,0.0625,0,0.0625,0,0.0625,0,0.0625,0,0.0625,0,0.0625,0,0.046875,0,0.046875,0,0.0625,0,0.0625,0,0.046875,0,0.0625,0,0.0625,0,0.0625,0,0.0625,0,0.0625,0,0.046875,0,0.0625,0,0.046875,0,0.0625,0,0.0625,0,0.0625,0,0.0625,0,0.046875,0,0.0625,0,0.0625,0,0.0625,0,0.0625,0,0.046875,0,0.046875,0,0.0625,0,0.0625,0.666667,0.03125,0,0.046875,0,0.0625,0,0.0625,0,0.0625,0,0.0625,0,0.03125,0,0.0625,0,0.0625,0,0.0625,0,0.0625,0,0.0625,0,0.0625,0,0.0625,0,0.0625,0,0.0625,0,0.0625,0,0.03125,0,0.0625,0,0.0625,0,0.0625,0,0.0625,0,0.0625,0,0.046875,0,0.046875,0,0.0625,0,0.0625,0,0.046875,0,0.0625,0,0.046875,0,0.046875,0,0.0625,0,0.0625,0,0.0625,0,0.0625,0,0.0625,0,0.0625,0,0.046875,0,0.0625,0,0.0625,0,0.0625,0,0.0625,0,0.03125,0,0.0625,0,0.0625,0,0.0625,0,0.03125,0,0.0625,0,0.0625,0,
17,100,2,0.0625,0,0.0625,0,0.0625,0,0.046875,0,0.0625,0,0.046875,0,0.0625,0,0.046875,0,0.046875,0,0.046875,0,0.0625,0,0.03125,0,0.0625,0,0.046875,0,0.0625,0,0.03125,0,0.0625,0,0.0625,0,0.046875,0,0.046875,0,0.0625,0,0.0625,0,0.0625,0,0.0625,0,0.0625,0,0.046875,0,0.046875,0,0.0625,0,0.0625,0,0.046875,0,0.046875,0,0.0625,0,0.0625,0,0.0625,0,0.0625,0,0.046875,0,0.0625,0,0.0625,0,0.0625,0,0.0625,0,0.046875,0,0.046875,0,0.0625,0,0.046875,0,0.0625,0,0.0625,0,0.0625,0,0.0625,0,0.03125,0,0.0625,0,0.0625,0,0.0625,0,0.0625,0,0.0625,0,0.0625,0,0.0625,0,0.0625,0,0.0625,0,0.0625,0,0.046875,0,0.0625,0,0.0625,0,0.0625,0,0.0625,0,0.046875,0,0.0625,0,0.0625,0,0.0625,0,0.046875,0,0.0625,0,0.0625,0,0.046875,0,0.0625,0,0.0625,0,0.0625,0,0.0625,0,0.0625,0,0.046875,0,0.046875,0,0.0625,0,0.046875,0,0.046875,0,0.0625,0,0.0625,0,0.0625,0,0.0625,0,0.0625,0,0.0625,0,0.0625,0,0.0625,0,0.0625,0,0.046875,0,0.03125,0,0.046875,0,0.0625,0,0.0625,0,0.0625,0,0.046875,0,0.0625,0,0.0625,0,
18,100,2,0.0625,0,0.0625,0,0.0625,0,0.0625,0,0.0625,0,0.0625,0,0.0625,0,0.0625,0,0.0625,0,0.046875,0,0.0625,0,0.03125,0,0.0625,0,0.0625,0,0.046875,0,0.0625,0,0.0625,0,0.0625,0,0.0625,0,0.046875,0,0.046875,0,0.0625,0.8,0.0625,0.666667,0.046875,0.8,0.0625,0,0.0625,0,0.0625,0,0.046875,0,0.0625,0,0.0625,0,0.0625,0,0.0625,0,0.0625,0,0.0625,0,0.03125,0,0.046875,0,0.0625,0,0.0625,0,0.03125,0,0.03125,0,0.0625,0,0.046875,0,0.0625,0,0.0625,0,0.046875,0,0.0625,0,0.0625,0,0.0625,0,0.046875,0,0.046875,0,0.046875,0,0.0625,0,0.0625,0,0.0625,0,0.03125,0,0.0625,0,0.0625,0,0.0625,0,0.03125,0,0.0625,0,0.046875,0,0.046875,0,0.046875,0,0.0625,0,0.0625,0,0.0625,0,0.0625,0,0.046875,0,0.046875,0,0.0625,0,0.0625,0,0.0625,0,0.0625,0,0.046875,0,0.0625,0,0.0625,0,0.0625,0,0.03125,0,0.046875,0,0.0625,0,0.0625,0,0.0625,0,0.0625,0,0.046875,0,0.0625,0,0.0625,0,0.0625,0,0.046875,0,0.046875,0,0.046875,0,0.046875,0,0.0625,0,0.046875,0,0.0625,0,0.0625,0,0.0625,0,0.0625,0,0.046875,0,0.046875,0,0.0625,0,
19,100,2,0.03125,0,0.0625,0,0.046875,0,0.0625,0,0.0625,0,0.03125,0.933333,0.0625,0,0.0625,0,0.0625,0,0.0625,0,0.046875,0,0.03125,0,0.0625,0,0.046875,0,0.0625,0,0.046875,0,0.046875,0,0.046875,0,0.03125,0,0.0625,0,0.0625,0,0.046875,0,0.03125,0,0.0625,0,0.0625,0,0.0625,0,0.0625,0,0.0625,0,0.0625,0,0.0625,0,0.046875,0,0.0625,0,0.0625,0,0.0625,0,0.0625,0,0.046875,0,0.0625,0,0.0625,0,0.046875,0,0.0625,0,0.0625,0,0.046875,0.8,0.0625,0,0.0625,0,0.0625,0,0.0625,0,0.0625,0,0.03125,0,0.0625,0,0.0625,0,0.0625,0,0.0625,0,0.0625,0,0.0625,0,0.046875,0,0.0625,0,0.0625,0,0.046875,0,0.0625,0,0.0625,0,0.046875,0,0.0625,0,0.046875,0,0.0625,0,0.0625,0,0.0625,0,0.0625,0,0.0625,0,0.0625,0,0.046875,0,0.0625,0,0.03125,0,0.046875,0,0.0625,0,0.0625,0,0.0625,0,0.0625,0,0.0625,0,0.046875,0,0.046875,0,0.0625,0,0.0625,0,0.0625,0,0.046875,0,0.0625,0,0.0625,0,0.0625,0,0.0625,0,0.0625,0,0.0625,0,0.0625,0,0.0625,0,0.09375,1.19804,0.046875,0,0.046875,0,0.0625,0,0.0625,0,0.046875,0,0.046875,0,0.046875,0,
20,100,2,0.0625,0,0.0625,0,0.046875,0,0.0625,0,0.0625,0,0.03125,0,0.0625,0,0.046875,0,0.046875,0,0.046875,0,0.046875,0,0.046875,0,0.046875,0,0.046875,0,0.0625,0,0.0625,0,0.0625,0,0.0625,0,0.0625,0,0.046875,0,0.0625,0,0.0625,0,0.0625,0,0.046875,0,0.0625,0,0.046875,0,0.0625,0.666667,0.0625,0,0.046875,0,0.0625,0,0.0625,0,0.0625,0,0.0625,0,0.046875,0,0.046875,0,0.0625,0,0.03125,0,0.0625,0,0.046875,0,0.0625,0,0.046875,0,0.0625,0,0.0625,0,0.0625,0,0.046875,0,0.046875,0,0.0625,0,0.09375,1.29232,0.0625,0,0.03125,0,0.0625,0,0.0625,0,0.0625,0,0.0625,0,0.0625,0,0.0625,0,0.0625,0,0.0625,0,0.0625,0,0.0625,0,0.046875,0,0.0625,0,0.0625,0,0.0625,0,0.03125,0,0.046875,0,0.0625,0,0.046875,0,0.0625,0,0.0625,0,0.046875,0,0.0625,0,0.046875,0,0.0625,0,0.0625,0,0.03125,0,0.046875,0,0.03125,0,0.0625,0,0.0625,0,0.0625,0,0.0625,0,0.046875,0,0.046875,0,0.0625,0,0.046875,0,0.0625,0,0.046875,0,0.0625,0,0.0625,0,0.0625,0,0.0625,0,0.03125,0,0.046875,0,0.0625,0,0.046875,0,0.046875,0,0.0625,0,0.0625,0,0.0625,0,
21,100,2,0.0625,0,0.0625,0,0.03125,0,0.0625,0,0.0625,0,0.0625,0,0.046875,0,0.046875,0,0.0625,0,0.0625,0,0.0625,0,0.0625,0,0.0625,0,0.03125,0.866667,0.0625,0,0.0625,0,0.0625,0,0.0625,0,0.046875,0,0.03125,0,0.0625,0,0.0625,0,0.046875,0,0.0625,0,0.0625,0,0.0625,0,0.046875,0,0.0625,0,0.0625,0.6,0.0625,0,0.0625,0,0.046875,0,0.0625,0,0.046875,0,0.0625,0,0.0625,0,0.046875,0,0.0625,0,0.0625,0,0.0625,0,0.03125,0,0.0625,0,0.0625,0,0.0625,0,0.0625,0,0.0625,0,0.0625,0,0.0625,0,0.0625,0,0.046875,0,0.0625,0,0.046875,0,0.0625,0,0.046875,0,0.0625,0,0.0625,0,0.0625,0,0.0625,0,0.046875,0,0.0625,1.20948,0.0625,0,0.046875,0,0.0625,0,0.046875,0,0.0625,0,0.046875,0,0.046875,0,0.03125,0,0.046875,0,0.0625,0,0.0625,0,0.0625,0,0.0625,0,0.0625,0,0.046875,0,0.0625,0,0.0625,0,0.0625,0,0.0625,0,0.0625,0,0.0625,0,0.0625,0,0.046875,0,0.0625,0,0.0625,0,0.046875,0,0.0625,0,0.0625,0,0.0625,0,0.0625,0,0.0625,0,0.046875,1.15425,0.0625,0,0.0625,0,0.0625,0,0.0625,0,0.03125,0,0.0625,0,0.046875,0,0.0625,0,
22,100,2,0.046875,0,0.046875,0,0.03125,0,0.0625,0,0.0625,0,0.046875,0,0.0625,0,0.046875,0,0.0625,0,0.0625,0,0.0625,0,0.0625,0,0.0625,0,0.0625,0,0.0625,0,0.0625,0,0.046875,0,0.0625,0,0.0625,0,0.0625,0,0.046875,0,0.03125,0,0.0625,0,0.03125,0,0.046875,0,0.0625,0,0.0625,0,0.0625,0,0.046875,0,0.0625,0,0.0625,0,0.0625,0,0.0625,0,0.0625,0,0.03125,0,0.0625,0,0.0625,0,0.046875,0,0.0625,0,0.0625,0,0.0625,0,0.0625,0,0.0625,0,0.0625,0,0.0625,0,0.0625,0,0.046875,0,0.046875,0,0.0625,0,0.046875,0,0.046875,0,0.03125,0,0.0625,0,0.0625,0,0.0625,0,0.03125,0,0.046875,0.733333,0.0625,0,0.0625,0,0.0625,0,0.046875,0,0.0625,0,0.046875,0,0.0625,0,0.046875,0,0.046875,0,0.0625,0,0.0625,0,0.046875,0,0.0625,0,0.046875,0,0.0625,0,0.0625,0,0.0625,0,0.046875,0,0.03125,0,0.046875,0,0.046875,0,0.0625,0,0.046875,0,0.046875,0,0.046875,0,0.0625,0,0.0625,0,0.0625,0,0.0625,0,0.046875,0,0.046875,0,0.0625,0,0.0625,0,0.046875,0,0.0625,0,0.046875,0,0.0625,0,0.0625,0,0.0625,0,0.03125,0,0.0625,0,0.0625,0,0.046875,0,
23,100,2,0.0625,0,0.0625,0,0.0625,0,0.0625,0,0.0625,0,0.0625,0,0.0625,0,0.046875,0,0.0625,0,0.0625,0,0.0625,0,0.046875,0,0.0625,0,0.0625,0,0.046875,0,0.046875,0,0.0625,0,0.046875,0,0.03125,0,0.046875,0,0.0625,0,0.046875,0,0.0625,0,0.0625,0,0.046875,0,0.0625,0,0.0625,0,0.046875,0,0.046875,0,0.0625,0,0.0625,0,0.0625,0,0.0625,0,0.0625,0,0.0625,0,0.0625,0,0.0625,0,0.0625,0,0.0625,0,0.0625,0,0.0625,0,0.046875,0,0.0625,0,0.046875,0,0.03125,0,0.0625,0,0.046875,0,0.0625,0,0.0625,0,0.0625,0,0.0625,0,0.0625,0,0.0625,0,0.0625,0,0.0625,0,0.0625,0,0.0625,0,0.0625,0,0.0625,0,0.03125,0,0.0625,0,0.046875,0,0.0625,0,0.046875,0,0.0625,0,0.0625,0,0.0625,0,0.046875,0,0.0625,0,0.0625,0,0.03125,0,0.0625,0,0.0625,0,0.046875,0,0.046875,0,0.046875,0,0.0625,0,0.046875,0,0.0625,0,0.0625,0,0.046875,0,0.0625,0,0.0625,0,0.0625,0,0.0625,0,0.0625,0,0.0625,0,0.0625,0,0.046875,0,0.03125,0,0.0625,0,0.046875,0,0.0625,0,0.0625,0,0.03125,0,0.0625,0,0.046875,0,0.0625,0,0.0625,0,0.0625,0,
24,100,2,0.0625,0,0.0625,0,0.0625,0,0.0625,0,0.046875,0,0.0625,0,0.0625,0,0.0625,0,0.0625,0,0.0625,0,0.0625,0,0.0625,0,0.0625,0,0.0625,0,0.0625,0,0.0625,0,0.0625,0,0.0625,0,0.0625,0,0.0625,0,0.046875,0.6,0.046875,0,0.0625,0,0.03125,0,0.0625,0,0.0625,0,0.0625,0,0.0625,0,0.0625,0,0.0625,0,0.0625,0,0.0625,0,0.0625,0,0.0625,0,0.0625,0,0.0625,0,0.0625,0,0.0625,0,0.0625,0,0.046875,0,0.0625,0,0.0625,0,0.0625,0,0.0625,0,0.0625,0,0.0625,0,0.0625,0,0.0625,0,0.0625,0,0.0625,0,0.0625,0,0.046875,0.6,0.0625,0,0.0625,0,0.0625,0,0.046875,0,0.0625,0,0.0625,0,0.046875,0,0.0625,0,0.0625,0,0.0625,0,0.0625,0,0.0625,0,0.0625,0,0.046875,0,0.0625,0,0.046875,0,0.046875,0,0.0625,0,0.0625,0,0.0625,0,0.046875,0,0.0625,0,0.046875,0,0.03125,0,0.0625,0,0.0625,0,0.0625,0,0.046875,0,0.0625,0,0.0625,0,0.046875,0,0.046875,0,0.046875,0,0.0625,0,0.0625,0,0.078125,0.933333,0.046875,0,0.046875,0,0.0625,0,0.0625,0,0.046875,0,0.0625,0,0.046875,0,0.046875,0,0.0625,0,0.0625,0,0.0625,0,0.0625,0,
25,100,2,0.0625,0,0.0625,0,0.0625,0,0.0625,0,0.046875,0,0.046875,0,0.0625,0,0.03125,0,0.0625,0,0.0625,0,0.0625,0,0.0625,0,0.0625,0,0.0625,0,0.046875,0,0.046875,0,0.0625,0,0.046875,0,0.0625,0,0.0625,0,0.03125,0,0.0625,0,0.0625,0,0.046875,0,0.0625,0,0.0625,0,0.046875,0,0.0625,0,0.046875,0,0.0625,0,0.0625,0,0.046875,0,0.0625,0,0.0625,0,0.046875,0,0.03125,0,0.0625,0,0.0625,0,0.0625,0,0.0625,0,0.0625,0,0.0625,0,0.03125,0.866667,0.0625,0,0.03125,0,0.09375,1.23709,0.0625,0,0.0625,0,0.03125,0,0.0625,0,0.0625,0,0.0625,0,0.03125,0,0.0625,0,0.0625,0,0.046875,0,0.03125,0,0.0625,0,0.0625,0,0.0625,0,0.0625,0,0.0625,0,0.046875,0,0.0625,0,0.0625,0,0.0625,0,0.0625,0,0.0625,0,0.0625,0,0.046875,0,0.046875,0,0.0625,0,0.0625,0,0.0625,0,0.0625,0,0.046875,0,0.0625,0,0.046875,0,0.03125,0,0.0625,0,0.046875,0,0.046875,0,0.0625,0,0.0625,0,0.0625,0,0.0625,0,0.0625,0,0.0625,0,0.0625,0,0.03125,0,0.0625,0,0.046875,0,0.0625,0,0.0625,0,0.0625,0,0.0625,0,0.0625,0,0.0625,0,0.0625,0,0.0625,0,
26,100,2,0.0625,0,0.0625,0,0.0625,0,0.0625,0,0.0625,0,0.0625,0,0.0625,0,0.046875,0,0.0625,0,0.046875,0,0.0625,0,0.0625,0,0.0625,0,0.046875,0,0.0625,0,0.0625,0,0.0625,0,0.0625,0,0.03125,0,0.046875,0,0.0625,0,0.0625,0,0.0625,0,0.0625,0,0.046875,0,0.046875,0,0.0625,0,0.0625,0,0.0625,0,0.046875,0,0.0625,0,0.046875,0,0.0625,0,0.0625,0,0.0625,0,0.0625,0,0.046875,0,0.0625,0,0.03125,0,0.0625,0,0.0625,0,0.046875,0,0.0625,0,0.03125,0,0.0625,0,0.0625,0,0.0625,0,0.046875,0,0.046875,0,0.046875,0,0.0625,0,0.046875,0,0.0625,0,0.0625,0,0.0625,0,0.0625,0,0.0625,0,0.0625,0,0.0625,0,0.046875,0,0.0625,0,0.0625,0,0.0625,0,0.0625,0,0.046875,0,0.0625,0,0.0625,0,0.046875,0,0.0625,0,0.046875,0,0.0625,0,0.0625,0,0.0625,0,0.0625,0,0.0625,0,0.0625,0,0.0625,0,0.0625,0,0.046875,0,0.0625,0,0.0625,0,0.0625,0,0.0625,0,0.0625,0,0.0625,0,0.03125,0,0.046875,0,0.0625,0,0.0625,0,0.0625,0,0.046875,0,0.03125,0,0.046875,0,0.0625,0,0.0625,0,0.046875,0,0.0625,0,0.046875,0,0.0625,0,0.046875,0,
27,100,2,0.0625,0,0.0625,0,0.0625,0,0.046875,0,0.0625,0,0.0625,0,0.0625,0,0.0625,0,0.046875,0.866667,0.0625,0,0.0625,0,0.0625,0,0.0625,0,0.0625,0,0.03125,0,0.046875,0,0.0625,0,0.0625,0,0.0625,0,0.0625,0,0.0625,0,0.046875,0,0.0625,0,0.0625,0,0.0625,0,0.0625,0,0.0625,0,0.03125,0,0.0625,0,0.0625,0,0.046875,0,0.0625,0,0.0625,0,0.0625,0,0.0625,0,0.0625,0,0.046875,0,0.046875,0,0.078125,0.666667,0.0625,0,0.0625,0,0.046875,0,0.0625,0,0.0625,0,0.0625,0,0.0625,0,0.0625,0,0.0625,0,0.0625,0,0.0625,0,0.046875,0,0.0625,0,0.046875,0,0.0625,0,0.0625,0,0.0625,0,0.0625,0,0.0625,0,0.0625,0,0.0625,0,0.0625,0,0.0625,0,0.046875,0,0.0625,0,0.046875,0,0.0625,0,0.078125,0.666667,0.0625,0,0.046875,0,0.046875,0.6,0.0625,0,0.0625,0,0.0625,0,0.0625,0,0.0625,0,0.046875,0,0.046875,0,0.0625,0,0.0625,0,0.0625,0,0.0625,0,0.0625,0,0.0625,0,0.0625,0,0.0625,0,0.0625,0,0.046875,0,0.046875,0,0.046875,0,0.0625,0,0.046875,0,0.0625,0,0.03125,0,0.046875,0,0.0625,0,0.0625,0,0.0625,0,0.0625,0,0.0625,0,0.046875,0,
28,100,2,0.046875,0,0.0625,0,0.0625,0,0.03125,0,0.046875,0,0.0625,0,0.0625,0,0.046875,0,0.046875,0,0.0625,0,0.0625,0,0.0625,0,0.046875,0,0.046875,0,0.0625,0,0.0625,0,0.0625,0,0.0625,0,0.0625,0,0.0625,0,0.0625,0,0.0625,0,0.0625,0,0.0625,0,0.0625,0,0.046875,0,0.046875,0,0.0625,0,0.03125,0,0.0625,0,0.0625,0,0.0625,0,0.0625,0,0.046875,0,0.0625,0,0.0625,0,0.0625,0,0.03125,0,0.0625,0,0.0625,0,0.0625,0,0.0625,0,0.046875,0,0.0625,0,0.046875,0.466667,0.046875,0.866667,0.046875,0,0.0625,0,0.0625,0,0.0625,0,0.046875,0,0.0625,0,0.0625,0,0.0625,0,0.0625,0,0.0625,0,0.0625,0,0.0625,0,0.0625,0,0.0625,0,0.0625,0,0.046875,0,0.046875,0.466667,0.0625,0,0.0625,0,0.0625,0,0.046875,0,0.03125,0,0.046875,0,0.0625,0,0.0625,0,0.046875,0,0.0625,0,0.0625,0,0.0625,0,0.0625,0,0.0625,0,0.0625,0,0.0625,0,0.046875,0,0.03125,0,0.0625,0,0.0625,0,0.0625,0,0.046875,0,0.0625,0,0.046875,0,0.046875,0,0.0625,0,0.078125,0.866667,0.0625,0,0.03125,0,0.0625,0,0.0625,0,0.0625,0,0.0625,0,0.0625,0,0.0625,0,0.0625,0,0.0625,0,
29,100,2,0.0625,0,0.078125,0.866667,0.0625,0,0.0625,0,0.0625,0,0.0625,0,0.0625,0,0.0625,0,0.0625,0,0.0625,0,0.0625,0,0.0625,0,0.03125,0,0.0625,0,0.046875,0,0.0625,0,0.0625,0,0.0625,0,0.0625,0,0.0625,0,0.0625,0,0.0625,0,0.0625,0,0.0625,0,0.0625,0,0.03125,0,0.0625,0,0.0625,0,0.0625,0,0.046875,0,0.0625,0,0.0625,0,0.0625,0,0.0625,0,0.0625,0,0.0625,0,0.0625,0,0.046875,0,0.046875,0,0.0625,0,0.0625,0,0.0625,0,0.03125,0,0.0625,0,0.0625,0,0.0625,0,0.0625,0,0.0625,0,0.0625,0,0.0625,0,0.046875,0.533333,0.0625,0,0.0625,0,0.046875,0,0.0625,0,0.0625,0,0.0625,0,0.0625,0,0.0625,0,0.0625,0,0.0625,0,0.0625,0,0.046875,0,0.046875,0,0.0625,0,0.0625,0,0.03125,0,0.046875,0,0.0625,0,0.046875,0,0.046875,0,0.0625,0,0.0625,0,0.078125,0.733333,0.0625,1.5742,0.046875,0,0.0625,0,0.0625,0,0.0625,0,0.0625,0,0.0625,0,0.046875,0,0.0625,0,0.0625,0,0.0625,0,0.0625,0,0.0625,0,0.0625,0,0.0625,0,0.0625,0,0.0625,0,0.0625,0,0.046875,0,0.0625,0,0.0625,0,0.046875,0,0.0625,0,0.0625,0,0.0625,0,0.046875,0,
30,100,2,0.0625,0,0.046875,0,0.0625,0,0.0625,0,0.0625,0,0.0625,0,0.046875,0,0.0625,0,0.0625,0,0.0625,0,0.0625,0,0.0625,0,0.0625,0,0.046875,0,0.0625,0,0.046875,0,0.046875,0,0.046875,0,0.0625,0,0.046875,0,0.0625,0,0.0625,0,0.0625,0,0.0625,0.733333,0.0625,0,0.0625,0,0.0625,0,0.0625,0,0.0625,0,0.0625,0,0.046875,0,0.0625,0,0.0625,0,0.0625,0,0.0625,0,0.0625,0,0.03125,0.8,0.0625,0,0.0625,0,0.0625,0,0.0625,0,0.0625,0,0.0625,0,0.0625,0,0.0625,0,0.0625,0,0.0625,0,0.0625,0,0.0625,0,0.046875,0,0.046875,0,0.0625,0,0.046875,0,0.0625,0,0.0625,0,0.046875,0,0.0625,0,0.0625,0,0.0625,0,0.0625,0,0.0625,0,0.0625,0,0.0625,0,0.0625,0,0.0625,0,0.0625,0,0.046875,0,0.046875,0,0.0625,0,0.0625,0,0.0625,0,0.0625,0,0.0625,0,0.0625,0,0.0625,0,0.0625,0,0.0625,0,0.0625,0,0.0625,0,0.046875,0,0.046875,0,0.0625,0,0.0625,0,0.0625,0,0.0625,0,0.0625,0,0.0625,0,0.0625,0,0.0625,0,0.0625,0,0.046875,0,0.0625,0,0.0625,0,0.03125,0,0.0625,0,0.03125,0,0.0625,0,0.0625,0,0.0625,0,0.0625,0,
31,100,2,0.046875,0,0.0625,0,0.0625,0,0.0625,0,0.0625,0,0.0625,0,0.0625,0,0.0625,0,0.0625,0,0.0625,0,0.0625,0,0.0625,0.733333,0.046875,0,0.0625,0,0.0625,0,0.0625,0,0.0625,0,0.0625,0,0.046875,0,0.0625,0,0.0625,0,0.03125,0,0.0625,0,0.0625,0,0.0625,0,0.0625,0,0.046875,0,0.046875,0,0.0625,0,0.0625,0,0.0625,0,0.0625,0,0.0625,0,0.0625,0,0.0625,0,0.0625,0,0.0625,0,0.046875,0,0.0625,0,0.046875,0,0.0625,0,0.0625,0,0.0625,0,0.0625,0,0.0625,0,0.0625,0,0.046875,0,0.0625,0,0.0625,0,0.046875,0,0.0625,0,0.0625,0,0.0625,0,0.0625,0,0.046875,0,0.0625,0,0.0625,0,0.046875,0,0.0625,0,0.0625,0,0.03125,0,0.0625,0,0.0625,0,0.046875,0,0.0625,0,0.046875,0,0.0625,0,0.0625,0,0.0625,0,0.0625,0,0.0625,0,0.0625,0,0.078125,1.18186,0.0625,0,0.0625,0,0.046875,0,0.0625,0,0.0625,0,0.0625,0,0.046875,0,0.0625,0,0.0625,0,0.0625,0,0.046875,0,0.0625,0,0.046875,0,0.0625,0,0.0625,0,0.0625,0,0.03125,0,0.0625,0,0.0625,0,0.0625,0,0.046875,0,0.0625,0,0.046875,0,0.0625,0,0.0625,0,0.046875,0,0.0625,0,
32,100,2,0.0625,0,0.0625,0,0.0625,0,0.046875,0,0.0625,0,0.0625,0,0.0625,0,0.0625,0,0.0625,0,0.046875,0,0.0625,0,0.0625,0,0.0625,0,0.0625,0,0.0625,0,0.046875,0,0.0625,0,0.0625,0,0.0625,0,0.0625,0,0.0625,0,0.0625,0,0.0625,0,0.0625,0,0.0625,0,0.0625,0,0.046875,0,0.0625,0,0.0625,0,0.03125,0,0.0625,0,0.0625,0,0.0625,0,0.0625,0,0.0625,0,0.046875,0,0.0625,0,0.0625,0,0.0625,0,0.0625,0,0.0625,0,0.046875,0,0.0625,0,0.0625,0,0.0625,0,0.0625,0,0.046875,0,0.0625,0,0.046875,0,0.0625,0,0.0625,0,0.0625,0,0.046875,0,0.0625,0,0.0625,0,0.046875,0,0.0625,0,0.0625,0,0.0625,0,0.0625,0,0.0625,0,0.0625,0,0.046875,0,0.0625,0,0.0625,0,0.046875,0,0.046875,0,0.0625,0,0.0625,0,0.046875,0,0.0625,0,0.0625,0,0.0625,0,0.0625,0,0.03125,0,0.0625,0,0.046875,0,0.0625,0,0.0625,0,0.046875,0,0.0625,0,0.046875,0,0.0625,0,0.0625,0,0.0625,0,0.03125,0,0.0625,0,0.0625,0,0.03125,0,0.0625,0,0.0625,0,0.0625,0,0.0625,0,0.046875,0,0.0625,0,0.046875,0,0.0625,0,0.046875,0,0.0625,0,0.046875,0,
33,100,2,0.0625,0,0.0625,0,0.0625,0,0.0625,0,0.0625,0,0.0625,0,0.0625,0,0.046875,0,0.0625,0,0.0625,0,0.0625,0,0.0625,0,0.0625,0,0.0625,0,0.046875,0,0.0625,0,0.0625,0,0.0625,0,0.0625,0,0.046875,0,0.0625,0,0.03125,0,0.0625,0,0.0625,0,0.0625,0,0.0625,0,0.0625,0,0.0625,0,0.0625,0,0.0625,0,0.046875,0,0.0625,0,0.046875,0,0.0625,0,0.0625,0,0.0625,0,0.0625,0,0.0625,0,0.0625,0,0.0625,0,0.0625,0,0.0625,0,0.0625,0,0.0625,0,0.046875,0,0.0625,0,0.0625,0,0.0625,0,0.0625,0,0.0625,0,0.046875,0,0.0625,0,0.078125,0.733333,0.0625,0,0.0625,0,0.0625,0,0.0625,0,0.0625,0,0.0625,0,0.0625,0,0.0625,0,0.0625,0,0.0625,0,0.0625,0,0.0625,0,0.0625,0,0.0625,0,0.0625,0,0.0625,0,0.0625,0,0.078125,0.8,0.0625,0,0.0625,0,0.046875,0,0.0625,0,0.046875,0,0.0625,0,0.0625,0,0.046875,0,0.0625,0,0.0625,0,0.0625,0,0.0625,0,0.046875,0,0.0625,0,0.046875,0,0.0625,0,0.0625,0,0.046875,0,0.0625,0,0.0625,0,0.03125,0,0.046875,0,0.0625,0,0.0625,0,0.078125,0.866667,0.046875,0,0.0625,0,0.0625,0,0.0625,0,
34,100,2,0.0625,0,0.0625,0,0.046875,0,0.0625,0,0.0625,0,0.0625,0,0.0625,0,0.0625,0,0.0625,0,0.0625,0,0.0625,0,0.0625,0,0.0625,0,0.0625,0,0.046875,0,0.0625,0,0.0625,0,0.0625,0,0.0625,0,0.0625,0,0.0625,0,0.046875,0,0.0625,0,0.0625,0,0.0625,0,0.046875,0,0.0625,0,0.046875,0,0.03125,0,0.0625,0,0.0625,0,0.0625,0,0.0625,0,0.046875,0,0.046875,0,0.0625,0,0.0625,0,0.0625,0,0.0625,0,0.0625,0,0.0625,0,0.0625,0,0.09375,1.08758,0.0625,0,0.0625,0,0.0625,0,0.03125,0,0.0625,0,0.0625,0,0.0625,0,0.0625,0,0.0625,0,0.0625,0,0.0625,0,0.078125,0.866667,0.046875,0,0.0625,0,0.046875,0,0.046875,0,0.046875,0,0.0625,0,0.0625,0,0.046875,0,0.046875,0,0.0625,0,0.0625,0,0.0625,0,0.0625,0,0.0625,0,0.0625,0,0.046875,0,0.0625,0,0.0625,0,0.0625,0,0.0625,0,0.0625,0,0.0625,0,0.046875,0,0.046875,0,0.0625,0,0.0625,0,0.0625,0,0.0625,0,0.0625,0,0.0625,0,0.0625,0,0.0625,0,0.0625,0,0.0625,0,0.0625,0,0.046875,0,0.078125,0.733333,0.046875,0,0.0625,0,0.0625,0,0.0625,0,0.0625,0,0.046875,0,0.046875,0,0.046875,0,
35,100,2,0.0625,0,0.0625,0,0.0625,0,0.0625,0,0.0625,0,0.0625,0,0.0625,0,0.046875,0,0.0625,0,0.0625,0,0.0625,0,0.0625,0,0.0625,0,0.0625,0,0.0625,0,0.0625,0,0.0625,0,0.046875,0,0.0625,0,0.046875,0,0.046875,0,0.0625,0,0.0625,0,0.0625,0,0.0625,0,0.0625,0,0.046875,0,0.0625,0,0.0625,0,0.0625,0,0.0625,0,0.0625,0,0.0625,0,0.03125,0,0.0625,0,0.0625,0,0.0625,0,0.0625,0,0.0625,0,0.0625,0,0.046875,0,0.0625,0,0.0625,0,0.0625,0,0.046875,0,0.0625,0,0.0625,0,0.0625,0,0.0625,0,0.0625,0,0.0625,0,0.0625,0,0.0625,0,0.0625,0,0.046875,0,0.0625,0,0.0625,0,0.0625,0,0.0625,0,0.0625,0,0.0625,0,0.0625,0,0.0625,0,0.0625,0,0.03125,0,0.0625,0,0.0625,0,0.0625,0,0.0625,0,0.0625,0,0.0625,0,0.046875,0,0.0625,0,0.0625,0,0.046875,0,0.046875,0,0.046875,0,0.0625,0,0.0625,0,0.0625,0,0.0625,0,0.0625,0.6,0.0625,0,0.0625,0,0.0625,0,0.0625,0,0.0625,0,0.078125,0.666667,0.046875,0,0.03125,0,0.046875,0,0.03125,0,0.0625,0,0.0625,0,0.0625,0,0.0625,0,0.0625,0,0.0625,0,0.0625,0,0.0625,0,
36,100,2,0.0625,0,0.046875,0,0.0625,0,0.0625,0,0.0625,0,0.0625,0,0.0625,0,0.0625,0,0.0625,0,0.046875,0,0.0625,0,0.046875,0,0.03125,0,0.0625,0,0.0625,0,0.0625,0,0.0625,0,0.046875,0,0.0625,0,0.0625,0,0.0625,0,0.046875,0,0.046875,0,0.046875,0,0.046875,0,0.0625,0,0.0625,0,0.0625,0,0.0625,0,0.046875,0,0.0625,0,0.0625,0,0.0625,0,0.0625,0,0.0625,0,0.0625,0,0.0625,0,0.0625,0,0.0625,0,0.046875,0,0.046875,0,0.0625,0,0.0625,0,0.046875,0,0.0625,0,0.0625,0,0.0625,0,0.0625,0,0.0625,0,0.0625,0,0.0625,0,0.0625,0,0.0625,0,0.0625,0,0.0625,0,0.078125,0.733333,0.0625,0,0.0625,0.933333,0.0625,0,0.046875,0,0.0625,0,0.0625,0,0.0625,0,0.0625,0,0.0625,0,0.0625,0,0.046875,0,0.0625,0,0.0625,0,0.046875,0,0.03125,0,0.046875,0,0.0625,0,0.0625,0,0.0625,0,0.0625,0,0.0625,0,0.0625,0,0.0625,0,0.0625,0,0.0625,0,0.0625,0,0.0625,0,0.046875,0,0.0625,0,0.0625,0,0.0625,0,0.0625,0,0.0625,0,0.0625,0,0.0625,0,0.0625,0,0.046875,0,0.0625,0,0.046875,0,0.03125,0,0.0625,0,0.0625,0,0.046875,0,0.0625,0,
37,100,2,0.0625,0,0.0625,0,0.0625,0,0.0625,0,0.0625,0,0.0625,0,0.0625,0,0.03125,0,0.046875,0,0.0625,0,0.0625,0,0.0625,0,0.0625,0,0.0625,0,0.046875,0,0.0625,0,0.046875,0,0.046875,0,0.0625,0,0.0625,0,0.046875,0,0.0625,0,0.0625,0,0.0625,0,0.046875,0,0.046875,0,0.046875,0,0.0625,0,0.0625,0,0.0625,0,0.0625,0,0.0625,0,0.0625,0,0.0625,0,0.0625,0,0.0625,0,0.0625,0,0.0625,0,0.0625,0,0.046875,0,0.0625,0,0.0625,0,0.0625,0,0.0625,0,0.0625,0,0.0625,0,0.0625,0,0.0625,0,0.0625,0,0.0625,0,0.0625,0,0.0625,0,0.0625,0,0.0625,0,0.0625,0,0.0625,0,0.0625,0,0.046875,0,0.0625,0,0.0625,0,0.0625,0,0.046875,0,0.0625,0,0.0625,0,0.0625,0,0.078125,0.666667,0.03125,0,0.0625,0,0.046875,0,0.0625,0,0.0625,0,0.046875,0,0.0625,0,0.0625,0,0.0625,0,0.046875,0,0.0625,0,0.0625,0,0.078125,0.866667,0.0625,0,0.0625,0,0.078125,0.866667,0.0625,0,0.046875,0.8,0.046875,0,0.0625,0,0.0625,0,0.0625,0,0.0625,0,0.0625,0,0.0625,0,0.0625,0,0.0625,0,0.046875,0,0.0625,0,0.0625,0,0.046875,0,0.0625,0,0.0625,0,0.0625,0,
38,100,2,0.046875,0,0.0625,0,0.0625,0,0.0625,0,0.046875,0,0.0625,0,0.0625,0,0.0625,0,0.046875,0,0.0625,0,0.078125,0.8,0.0625,0,0.0625,0,0.0625,0,0.046875,0,0.0625,0,0.0625,0,0.0625,0,0.0625,0,0.0625,0,0.0625,0,0.0625,0,0.0625,0,0.046875,0,0.0625,0,0.0625,0,0.0625,0,0.0625,0,0.0625,0,0.0625,0,0.046875,0,0.0625,0,0.078125,0.8,0.046875,0,0.0625,0,0.0625,0,0.0625,0,0.046875,0,0.0625,0,0.0625,0,0.046875,1.00474,0.0625,0,0.046875,0,0.046875,0,0.0625,0,0.0625,0,0.046875,0,0.0625,0,0.0625,0,0.0625,0,0.0625,0,0.0625,0,0.0625,0,0.0625,0,0.0625,0,0.0625,0,0.0625,0,0.0625,0,0.0625,0,0.0625,0,0.0625,0,0.046875,0,0.0625,0,0.0625,0,0.0625,0,0.0625,0,0.0625,0,0.0625,0,0.0625,0,0.0625,0,0.0625,0,0.046875,0,0.0625,0,0.046875,0,0.0625,0,0.0625,0,0.0625,0,0.0625,0,0.046875,0,0.0625,0,0.0625,0,0.0625,0,0.0625,0,0.0625,0,0.0625,0,0.0625,0,0.0625,0,0.0625,0,0.0625,0,0.0625,0,0.0625,0,0.0625,0,0.0625,0,0.0625,0,0.0625,0,0.0625,0,0.0625,0,0.0625,0,0.046875,0,0.0625,0,
39,100,2,0.0625,0,0.0625,0,0.0625,0,0.0625,0,0.0625,0,0.046875,0,0.046875,0,0.0625,0,0.0625,0,0.0625,0,0.046875,0,0.0625,0,0.0625,0,0.0625,0,0.0625,0,0.0625,0,0.046875,0,0.0625,0,0.0625,0,0.0625,0,0.0625,0,0.046875,0,0.0625,0,0.0625,0,0.046875,0,0.0625,0,0.0625,0,0.0625,0,0.0625,0,0.0625,0,0.0625,0,0.0625,0,0.0625,0,0.0625,0,0.0625,0,0.046875,0,0.0625,0,0.0625,0,0.046875,0,0.0625,0,0.0625,0,0.0625,0,0.0625,0,0.0625,0,0.046875,0,0.03125,0,0.0625,0,0.03125,0,0.0625,0,0.0625,0,0.0625,0,0.0625,0,0.0625,0,0.046875,0,0.0625,0,0.0625,0,0.046875,0,0.0625,0,0.0625,0,0.0625,0,0.03125,0,0.0625,0,0.0625,0,0.0625,0,0.0625,0,0.0625,0,0.0625,0,0.0625,0,0.046875,0,0.046875,0,0.0625,0,0.0625,0,0.0625,0,0.046875,0,0.0625,0,0.046875,0,0.046875,0,0.0625,0,0.0625,0,0.0625,0,0.0625,0,0.03125,0,0.0625,0,0.046875,0,0.0625,0,0.0625,0,0.0625,0,0.0625,0,0.0625,0,0.0625,0,0.0625,0,0.0625,0,0.0625,0,0.0625,0,0.046875,0,0.0625,0,0.0625,0,0.0625,0,0.0625,0,0.0625,0,
40,100,2,0.03125,0,0.046875,0,0.046875,0,0.0625,0,0.0625,0,0.0625,0,0.0625,0,0.0625,0,0.0625,0,0.046875,0,0.0625,0,0.0625,0,0.0625,0,0.0625,0,0.046875,0,0.078125,0.8,0.0625,0,0.0625,0,0.0625,0,0.046875,0,0.0625,0,0.046875,0,0.0625,0,0.0625,0,0.0625,0,0.046875,0,0.0625,0,0.0625,0,0.0625,0,0.0625,0,0.046875,0,0.0625,0,0.0625,0.6,0.03125,0,0.0625,0,0.0625,0,0.0625,0,0.0625,0,0.046875,0,0.0625,0,0.0625,0,0.0625,0,0.0625,0,0.0625,0,0.0625,0,0.0625,0,0.03125,0,0.0625,0,0.046875,0.533333,0.0625,0,0.0625,0,0.0625,0,0.0625,0,0.0625,0,0.0625,0,0.0625,0,0.0625,0,0.0625,0,0.046875,0,0.046875,0,0.0625,0,0.0625,0,0.046875,0,0.0625,0,0.0625,0,0.0625,0,0.0625,0,0.0625,0,0.03125,0,0.0625,0,0.078125,0.866667,0.0625,0,0.0625,0,0.0625,0,0.0625,0,0.0625,0,0.046875,0,0.0625,0,0.0625,0,0.0625,0,0.0625,0,0.078125,0.6,0.046875,0,0.0625,0,0.0625,0,0.0625,0,0.078125,0.866667,0.0625,0,0.0625,0,0.046875,0,0.0625,0,0.046875,0,0.0625,0,0.0625,0,0.0625,0,0.078125,0.8,0.0625,0,0.0625,0,0.0625,0,0.0625,0,
41,100,2,0.0625,0,0.0625,0,0.046875,0,0.0625,0,0.0625,0,0.0625,0,0.046875,0,0.046875,0,0.0625,0,0.0625,0,0.0625,0,0.0625,0,0.0625,0,0.0625,0,0.0625,0,0.0625,0,0.0625,0,0.046875,0,0.0625,0,0.0625,0,0.0625,0,0.0625,0,0.046875,0,0.03125,0,0.0625,0,0.0625,0,0.046875,0,0.0625,0,0.0625,0,0.0625,0,0.0625,0,0.0625,0,0.0625,0,0.046875,0,0.0625,0,0.0625,0,0.046875,0,0.0625,0,0.0625,0,0.09375,0.9933,0.0625,0,0.0625,0,0.0625,0,0.046875,0,0.0625,0,0.046875,0,0.0625,0,0.0625,0,0.046875,0,0.0625,0,0.0625,0,0.0625,0,0.046875,0,0.0625,0,0.0625,0,0.0625,0,0.0625,0,0.0625,0,0.0625,0,0.046875,0,0.046875,0,0.046875,0,0.0625,0,0.0625,0,0.0625,0,0.0625,0,0.0625,0,0.0625,0,0.0625,0,0.046875,0,0.0625,0,0.0625,0,0.046875,0,0.09375,0.949509,0.046875,0,0.0625,0,0.0625,0,0.0625,0,0.0625,0,0.078125,0.533333,0.046875,0,0.0625,0,0.0625,0,0.046875,0,0.046875,0,0.0625,0,0.03125,0,0.0625,0,0.078125,0.866667,0.046875,0,0.0625,0,0.0625,0,0.0625,0,0.046875,0,0.0625,0,0.0625,0,0.0625,0,0.0625,0,0.0625,0,0.0625,0,
42,100,2,0.0625,0,0.03125,0,0.0625,0,0.0625,0,0.078125,1.20948,0.0625,0,0.046875,0,0.0625,0,0.046875,0,0.0625,0,0.0625,0,0.046875,0,0.0625,0,0.0625,0,0.0625,0,0.0625,0,0.078125,0.666667,0.03125,0,0.0625,0,0.0625,0.866667,0.046875,0,0.0625,0,0.0625,0,0.0625,0,0.0625,0,0.0625,0,0.0625,0,0.0625,0,0.0625,0,0.0625,0,0.0625,0,0.0625,0,0.0625,0,0.0625,0,0.0625,0,0.0625,0,0.0625,0,0.0625,0,0.046875,0,0.0625,0,0.0625,0,0.0625,0,0.0625,0,0.0625,0,0.0625,0,0.0625,0,0.0625,0,0.046875,0,0.046875,0,0.046875,0,0.046875,0,0.0625,0,0.0625,0,0.0625,0,0.0625,0,0.0625,0,0.0625,0,0.0625,0,0.0625,0,0.0625,0,0.046875,0,0.0625,0,0.0625,0,0.0625,0,0.046875,0,0.0625,0,0.046875,0,0.0625,0,0.03125,0,0.0625,0,0.0625,0,0.0625,0,0.0625,0,0.0625,0,0.0625,0,0.0625,0,0.0625,0,0.0625,0,0.046875,0,0.078125,0.8,0.03125,0.733333,0.0625,0,0.0625,0,0.0625,0,0.0625,0,0.046875,0,0.0625,0,0.0625,0,0.0625,0,0.0625,0,0.0625,0,0.046875,0,0.0625,0,0.046875,0,0.046875,0,0.0625,0,0.0625,0,0.046875,0,0.0625,0,0.046875,0,
43,100,2,0.0625,0,0.0625,0,0.0625,0,0.0625,0,0.078125,0.733333,0.0625,0,0.0625,0,0.0625,0,0.0625,0,0.0625,0,0.0625,0,0.0625,0,0.046875,0,0.0625,0,0.0625,0,0.0625,0,0.0625,0,0.0625,0,0.0625,0,0.0625,0,0.046875,0,0.0625,0,0.046875,0,0.046875,0,0.0625,0,0.0625,0,0.0625,0,0.0625,0,0.0625,0,0.0625,0,0.0625,0,0.0625,0,0.0625,0,0.0625,0,0.0625,0,0.0625,0,0.0625,0,0.046875,0,0.0625,0,0.0625,0,0.046875,0,0.0625,0,0.0625,0,0.0625,0,0.0625,0,0.0625,0,0.046875,0,0.046875,0,0.0625,0,0.0625,0,0.0625,0.666667,0.0625,0,0.0625,0,0.0625,0,0.0625,0,0.0625,0,0.0625,0,0.0625,0,0.046875,0,0.0625,0,0.0625,0,0.0625,0,0.0625,0,0.0625,0,0.0625,0,0.0625,0,0.0625,0,0.046875,0,0.0625,0,0.0625,0,0.0625,0,0.0625,0,0.0625,0,0.0625,0,0.046875,0,0.078125,0.533333,0.0625,0,0.0625,0,0.0625,0,0.046875,0,0.0625,0,0.0625,0,0.0625,0,0.0625,0,0.0625,0,0.0625,0,0.0625,0,0.0625,0,0.046875,0,0.046875,0,0.0625,0,0.046875,0,0.0625,0,0.0625,0,0.0625,0,0.046875,0,0.0625,0,0.046875,0,0.0625,0,0.0625,0,
44,100,2,0.0625,0,0.0625,0,0.0625,0,0.0625,0,0.0625,0,0.0625,0,0.078125,0.6,0.0625,0,0.0625,0,0.046875,0,0.03125,0.666667,0.0625,0,0.0625,0,0.0625,0,0.0625,0,0.046875,0.733333,0.0625,0,0.046875,0,0.0625,0,0.0625,0,0.078125,0.6,0.0625,0,0.0625,0,0.0625,0,0.046875,0,0.0625,0,0.0625,0,0.0625,0,0.0625,0,0.046875,0,0.0625,0,0.046875,0,0.0625,0,0.0625,0,0.046875,0,0.0625,0,0.0625,0,0.0625,0,0.0625,0,0.0625,0,0.046875,0,0.0625,0,0.0625,0,0.0625,0,0.0625,0,0.0625,0,0.0625,0,0.0625,0,0.0625,0,0.0625,0.933333,0.0625,0,0.0625,0,0.0625,0,0.0625,0,0.046875,0,0.0625,0,0.0625,0,0.0625,0,0.0625,0,0.0625,0,0.046875,0,0.0625,0,0.0625,0,0.0625,0,0.0625,0,0.0625,0,0.046875,0,0.0625,0,0.0625,0,0.046875,0,0.046875,0,0.0625,0,0.0625,0,0.0625,0,0.0625,0,0.0625,0,0.0625,0,0.0625,0,0.0625,0,0.046875,0,0.0625,0,0.0625,0,0.046875,0,0.0625,0,0.0625,0,0.0625,0,0.0625,0,0.0625,0,0.0625,0,0.0625,0,0.0625,0,0.0625,0,0.0625,0,0.0625,0,0.046875,0,0.0625,0,0.0625,0,0.0625,0,0.046875,0,0.0625,0,
45,100,2,0.0625,0,0.0625,0,0.0625,0.533333,0.0625,0,0.0625,0,0.0625,0,0.046875,0,0.046875,0,0.046875,0,0.046875,0,0.046875,0,0.0625,0,0.0625,0,0.046875,0,0.0625,0,0.046875,0,0.0625,0,0.0625,0,0.0625,0,0.0625,0,0.0625,0,0.0625,0,0.046875,0,0.0625,0,0.0625,0,0.0625,0,0.0625,0,0.0625,0,0.0625,0,0.03125,0,0.046875,0,0.0625,0,0.0625,0,0.0625,0,0.0625,0,0.046875,0,0.0625,0,0.0625,0,0.0625,0,0.0625,0,0.0625,0,0.0625,0,0.0625,0,0.0625,0,0.0625,0,0.0625,0,0.0625,0,0.0625,0,0.0625,0,0.0625,0,0.0625,0,0.0625,0,0.0625,0,0.0625,0,0.0625,0,0.0625,0,0.0625,0,0.0625,0,0.0625,0,0.0625,0,0.0625,0,0.03125,0.666667,0.0625,0,0.0625,0,0.0625,0,0.0625,0,0.0625,0,0.0625,0,0.0625,0,0.0625,0,0.0625,0,0.0625,0,0.0625,0,0.046875,0,0.078125,0.466667,0.0625,0,0.0625,0,0.0625,0,0.0625,0,0.0625,0,0.0625,0,0.0625,0,0.0625,0,0.0625,0,0.0625,0,0.046875,0,0.0625,0,0.0625,0,0.0625,0,0.0625,0.8,0.0625,0,0.078125,0.466667,0.078125,0.466667,0.0625,0,0.03125,0,0.0625,0.533333,0.09375,0.827614,0.0625,0,0.0625,0,0.078125,0.466667,
46,100,2,0.0625,0,0.046875,0,0.0625,0,0.046875,0,0.0625,0,0.03125,0,0.046875,0,0.0625,0,0.0625,0,0.0625,0,0.046875,0,0.0625,0,0.0625,0,0.0625,0,0.03125,0,0.0625,0,0.0625,0,0.0625,0,0.078125,0.466667,0.0625,0,0.0625,0,0.0625,0,0.046875,0,0.0625,0,0.0625,0,0.0625,0,0.046875,0,0.0625,0,0.0625,0,0.0625,0,0.046875,0,0.0625,0,0.0625,0,0.0625,0,0.0625,0,0.046875,0,0.0625,0,0.03125,0,0.0625,0,0.0625,0,0.0625,0,0.0625,0,0.0625,0,0.0625,0,0.0625,0,0.0625,0,0.0625,0,0.0625,0,0.0625,0.666667,0.0625,0,0.0625,0,0.046875,0,0.0625,0,0.0625,0,0.0625,0,0.0625,0,0.0625,0,0.0625,0,0.046875,0,0.0625,0,0.046875,0,0.0625,0,0.0625,0,0.0625,0,0.0625,0,0.0625,0,0.0625,0,0.0625,0,0.0625,0,0.046875,0,0.0625,0,0.0625,0,0.0625,0,0.0625,0,0.046875,0,0.0625,0,0.0625,0,0.0625,0,0.046875,0,0.0625,0,0.0625,0,0.046875,0,0.046875,0,0.0625,0,0.0625,0,0.0625,0,0.0625,0,0.0625,0.933333,0.046875,0,0.0625,0,0.078125,0.866667,0.0625,0,0.0625,0,0.0625,0,0.0625,0,0.0625,0,0.0625,0,0.0625,0,0.046875,0,0.0625,0,
47,100,2,0.046875,0,0.0625,0,0.0625,0,0.0625,0.866667,0.0625,0,0.0625,0,0.0625,0,0.0625,0.733333,0.0625,0,0.0625,0,0.0625,0,0.0625,0,0.0625,0,0.046875,0,0.078125,0.8,0.03125,0,0.0625,0,0.0625,0,0.0625,0,0.0625,0,0.046875,0,0.078125,0.333333,0.046875,0,0.0625,0,0.046875,0,0.078125,0.333333,0.0625,0,0.0625,0,0.0625,0,0.03125,0,0.0625,0,0.0625,0,0.0625,0,0.046875,0,0.046875,0,0.0625,0,0.0625,0,0.0625,0,0.0625,0,0.046875,0,0.0625,0,0.0625,0,0.0625,0,0.078125,0.333333,0.0625,0,0.0625,0,0.0625,0,0.0625,0,0.0625,0,0.0625,0,0.046875,0,0.0625,0,0.0625,0,0.046875,0,0.046875,0,0.0625,0,0.0625,0,0.0625,0,0.0625,0,0.0625,0,0.0625,0,0.046875,0,0.046875,0,0.0625,0,0.0625,0,0.0625,0,0.0625,0,0.0625,0,0.0625,0,0.046875,0,0.03125,0,0.0625,0,0.046875,0,0.046875,0,0.0625,0,0.046875,0,0.0625,0,0.0625,0.733333,0.0625,0,0.0625,0,0.0625,0,0.0625,0,0.0625,0,0.0625,0,0.0625,0,0.0625,0,0.0625,0,0.0625,0,0.0625,0,0.0625,0,0.0625,0,0.0625,0,0.0625,0,0.0625,0,0.0625,0,0.0625,0,0.0625,0,0.0625,0,0.0625,0,0.0625,0,
48,100,2,0.0625,0,0.046875,0,0.0625,0,0.0625,0,0.078125,0.666667,0.0625,0,0.0625,0,0.0625,0,0.0625,0,0.0625,0,0.0625,0,0.03125,0,0.0625,0,0.046875,0,0.0625,0,0.0625,0,0.0625,0,0.078125,0.666667,0.0625,0,0.0625,0,0.0625,0,0.0625,0,0.0625,0,0.0625,0,0.0625,0,0.0625,0,0.046875,0,0.0625,0,0.0625,0,0.0625,0,0.0625,0.6,0.0625,0,0.078125,0.333333,0.0625,0,0.0625,0,0.0625,0,0.0625,0,0.0625,0,0.0625,0,0.0625,0,0.0625,0,0.0625,0,0.046875,0,0.0625,0,0.0625,0,0.0625,0,0.0625,0,0.046875,0,0.046875,0,0.0625,0,0.0625,0,0.0625,0,0.109375,1.31993,0.0625,0,0.0625,0.933333,0.078125,0.333333,0.0625,0,0.0625,0,0.0625,0,0.0625,0,0.0625,0,0.0625,0,0.046875,0,0.0625,0,0.0625,0,0.0625,0,0.046875,0,0.0625,0,0.0625,0,0.046875,0,0.0625,0,0.0625,0,0.0625,0,0.0625,0,0.0625,0,0.0625,0,0.0625,0,0.0625,0,0.0625,0,0.0625,0,0.0625,0,0.0625,0,0.0625,0,0.0625,0,0.0625,0,0.0625,0,0.0625,0,0.046875,0,0.0625,0,0.0625,0,0.0625,0,0.0625,0,0.046875,0,0.0625,0,0.0625,0,0.0625,0,0.0625,0,0.0625,0,0.0625,0,0.0625,0,
49,100,2,0.0625,0,0.046875,0,0.0625,0,0.0625,0,0.0625,0,0.0625,0,0.0625,0,0.078125,0.8,0.0625,0,0.046875,0,0.0625,0,0.0625,0,0.0625,0,0.046875,0,0.046875,0,0.046875,0,0.0625,0,0.0625,0,0.0625,0,0.0625,0,0.0625,0,0.0625,0,0.0625,0,0.0625,0,0.03125,0,0.046875,0,0.0625,0,0.0625,0,0.0625,0,0.0625,0,0.078125,0.6,0.0625,0,0.0625,0,0.0625,0,0.0625,0,0.0625,0,0.078125,1.2647,0.046875,0,0.0625,0,0.0625,0,0.0625,0,0.046875,0,0.0625,0,0.0625,0,0.0625,0,0.046875,0,0.0625,0,0.0625,0,0.0625,0,0.09375,0.8,0.046875,0,0.046875,0,0.0625,0,0.0625,0,0.0625,0,0.0625,0,0.0625,0,0.0625,0,0.078125,0.266667,0.0625,0,0.0625,0,0.0625,0,0.0625,0,0.0625,0,0.0625,0,0.0625,0,0.046875,0,0.0625,0,0.0625,0,0.0625,0,0.0625,0,0.0625,0,0.0625,0,0.0625,0,0.0625,0,0.0625,0,0.0625,0,0.0625,0,0.0625,0,0.0625,0,0.0625,0,0.0625,0,0.0625,0,0.0625,0,0.0625,0,0.0625,0,0.0625,0,0.0625,0,0.0625,0,0.046875,0,0.078125,0.266667,0.078125,0.266667,0.078125,0.6,0.046875,0,0.046875,0,0.0625,0,0.0625,0,0.046875,0,0.0625,0,0.0625,0,
50,100,2,0.0625,0,0.0625,0,0.0625,0,0.0625,0,0.0625,0,0.0625,0,0.046875,0,0.0625,0,0.0625,0,0.0625,0,0.0625,0,0.0625,0,0.09375,0.960948,0.0625,0,0.0625,0,0.0625,0.666667,0.0625,0,0.046875,0,0.0625,0,0.0625,0,0.0625,0,0.0625,0,0.0625,0,0.0625,0,0.078125,0.2,0.078125,0.533333,0.0625,0,0.0625,0,0.0625,0,0.0625,0,0.0625,0,0.03125,0,0.0625,0,0.0625,0,0.0625,0,0.0625,0,0.0625,0,0.0625,0.666667,0.0625,0,0.0625,0,0.0625,0,0.046875,0,0.046875,0,0.078125,0.533333,0.0625,0,0.078125,0.2,0.0625,0,0.046875,0,0.0625,0,0.0625,0,0.0625,0,0.0625,0,0.0625,0,0.0625,0,0.0625,0,0.0625,0,0.046875,0,0.0625,0,0.0625,0,0.0625,0,0.0625,0,0.0625,0,0.046875,0,0.0625,0,0.0625,0,0.0625,0,0.0625,0,0.0625,0,0.0625,0,0.0625,0,0.0625,0,0.0625,0,0.0625,0,0.0625,0,0.0625,0,0.0625,0,0.0625,0,0.0625,0,0.078125,0.2,0.0625,0,0.0625,0,0.0625,0,0.0625,0,0.0625,0,0.0625,0,0.0625,0,0.0625,0,0.0625,0,0.0625,0,0.0625,0,0.0625,0,0.0625,0,0.0625,0,0.0625,0,0.0625,0,0.0625,0,0.046875,0,0.0625,0,0.0625,0,0.0625,0,
51,100,2,0.078125,0.0666667,0.0625,0,0.0625,0,0.0625,0,0.046875,0,0.0625,0,0.0625,0,0.0625,0.6,0.078125,0.0666667,0.078125,0.333333,0.0625,0,0.0625,0,0.0625,0,0.0625,0,0.0625,0,0.078125,1.00474,0.0625,0,0.046875,0,0.0625,0,0.0625,0,0.0625,0,0.0625,0,0.0625,0,0.0625,0,0.0625,0,0.046875,0,0.0625,0,0.0625,0,0.078125,0.0666667,0.078125,0.8,0.0625,0,0.0625,0,0.0625,0,0.046875,0,0.0625,0,0.0625,0,0.0625,0,0.0625,0,0.0625,0,0.0625,0,0.0625,0,0.0625,0,0.0625,0,0.0625,0,0.0625,0,0.0625,0,0.0625,0,0.046875,0,0.09375,0.866667,0.0625,0,0.0625,0,0.0625,0,0.0625,0,0.0625,0,0.0625,0,0.0625,0,0.0625,0,0.0625,0,0.0625,0,0.046875,0,0.046875,0,0.0625,0,0.078125,0.0666667,0.0625,0,0.0625,0,0.0625,0,0.0625,0,0.0625,0,0.0625,0,0.046875,0,0.0625,0,0.0625,0,0.046875,0,0.0625,0,0.0625,0,0.0625,0,0.0625,0,0.0625,0,0.0625,0,0.046875,0,0.078125,1.00474,0.0625,0,0.0625,0,0.0625,0,0.0625,0,0.0625,0,0.0625,0,0.078125,0.333333,0.046875,0,0.078125,0.333333,0.0625,0,0.0625,0,0.0625,0,0.0625,0,0.0625,0,0.0625,0,0.0625,0,0.0625,0,0.0625,0,0.0625,0,
52,100,2,0.0625,0,0.0625,0,0.0625,0,0.0625,0,0.046875,0,0.046875,0,0.0625,0,0.0625,0,0.046875,0,0.0625,0,0.0625,0.466667,0.0625,0,0.046875,0,0.0625,0,0.0625,0,0.0625,0,0.0625,0,0.046875,0,0.0625,0,0.0625,0,0.0625,0,0.0625,0,0.0625,0,0.078125,0.4,0.0625,0,0.0625,0,0.09375,0.733333,0.0625,0,0.0625,0,0.0625,0,0.046875,0,0.0625,0,0.0625,0,0.0625,0,0.0625,0,0.0625,0,0.078125,0.8,0.046875,0,0.046875,0,0.0625,0,0.078125,0,0.0625,0,0.0625,0,0.0625,0,0.0625,0,0.0625,0,0.0625,0,0.0625,0,0.0625,0,0.0625,0,0.0625,0,0.0625,0,0.0625,0,0.0625,0,0.0625,0,0.0625,0,0.0625,0,0.0625,0,0.078125,0,0.0625,0,0.0625,0,0.0625,0,0.0625,0,0.0625,0,0.0625,0,0.0625,0,0.09375,1.23709,0.0625,0,0.078125,0,0.0625,0,0.0625,0,0.0625,0,0.046875,0,0.0625,0.6,0.0625,0,0.0625,0,0.0625,0,0.0625,0,0.046875,0,0.0625,0,0.0625,0,0.0625,0,0.0625,0,0.078125,0.4,0.0625,0,0.046875,0,0.0625,0.466667,0.078125,0,0.0625,0,0.046875,0,0.046875,0,0.0625,0,0.0625,0.466667,0.0625,0,0.0625,0,0.0625,0,0.0625,0,0.078125,0,0.0625,0,0.078125,0.4,
53,100,2,0.0625,0,0.0625,0,0.0625,0,0.078125,0.133333,0.0625,0,0.046875,0,0.046875,0,0.0625,0,0.0625,0,0.0625,0,0.046875,0,0.0625,0,0.0625,0,0.0625,0,0.0625,0,0.0625,0,0.0625,0,0.0625,0,0.0625,0,0.0625,0,0.0625,0,0.0625,0,0.0625,0,0.0625,0,0.0625,0,0.0625,0,0.0625,0,0.046875,0,0.078125,0,0.0625,0,0.0625,0,0.0625,0,0.0625,0,0.078125,0.133333,0.0625,0,0.0625,0,0.0625,0,0.0625,0,0.0625,0,0.046875,0,0.046875,0,0.0625,0,0.046875,0,0.0625,0,0.0625,0,0.0625,0,0.0625,0,0.046875,0,0.09375,0.733333,0.0625,0,0.0625,0,0.0625,0,0.0625,0,0.046875,0,0.078125,0.133333,0.078125,0,0.0625,0,0.0625,0,0.0625,0,0.046875,0,0.0625,0,0.078125,0,0.0625,0.866667,0.0625,0,0.0625,0,0.0625,0,0.078125,0.733333,0.0625,0,0.0625,0,0.0625,0,0.0625,0,0.0625,0,0.09375,0.84379,0.078125,0,0.0625,0,0.0625,0,0.0625,0,0.078125,0.133333,0.0625,0,0.0625,0,0.0625,0,0.0625,0,0.0625,0,0.046875,0,0.0625,0,0.0625,0,0.0625,0,0.0625,0,0.046875,0,0.0625,0,0.0625,0,0.0625,0,0.0625,0,0.0625,0,0.0625,0,0.0625,0,0.0625,0,0.0625,0,0.0625,0,0.0625,0,
54,100,2,0.046875,0,0.0625,0,0.0625,0,0.0625,0,0.046875,0,0.0625,0,0.046875,0,0.0625,0,0.046875,0,0.0625,0,0.046875,0,0.0625,0,0.0625,0,0.0625,0,0.0625,0,0.0625,0,0.046875,0,0.0625,0,0.0625,0,0.046875,0,0.0625,0,0.0625,0,0.046875,0,0.0625,0,0.0625,0,0.0625,0,0.0625,0,0.0625,0,0.0625,0,0.078125,0.133333,0.0625,0,0.0625,0,0.0625,0,0.0625,0,0.0625,0,0.0625,0,0.046875,0,0.0625,0,0.0625,0.8,0.0625,0,0.046875,0,0.03125,0.533333,0.0625,0,0.046875,0,0.0625,0,0.0625,0,0.078125,0.133333,0.0625,0,0.0625,0,0.0625,0,0.03125,0.533333,0.046875,0,0.0625,0,0.0625,0,0.0625,0,0.0625,0.8,0.0625,0,0.046875,0,0.0625,0,0.0625,0,0.046875,0,0.0625,0,0.0625,0,0.0625,0,0.0625,0,0.046875,0,0.0625,0,0.0625,0,0.0625,0,0.0625,0,0.0625,0,0.0625,0,0.0625,0,0.0625,0,0.046875,0,0.046875,0,0.0625,0,0.0625,0,0.046875,0,0.0625,0,0.0625,0,0.0625,0,0.0625,0,0.0625,0,0.0625,0,0.0625,0,0.0625,0,0.0625,0,0.0625,0,0.0625,0,0.0625,0,0.0625,0.6,0.0625,0,0.0625,0,0.0625,0,0.0625,0,0.0625,0,0.0625,0,0.046875,0,0.09375,0.733333,
55,100,2,0.0625,0,0.0625,0,0.0625,0,0.0625,0,0.046875,0,0.0625,0,0.0625,0,0.046875,0,0.046875,0,0.0625,0,0.0625,0,0.0625,0,0.0625,0,0.0625,0,0.03125,0,0.0625,0,0.0625,0,0.0625,0,0.0625,0,0.0625,0,0.0625,0,0.078125,0,0.0625,0,0.0625,0,0.0625,0,0.0625,0,0.0625,0,0.0625,0,0.0625,0,0.0625,0,0.0625,0,0.03125,0,0.0625,0,0.046875,0,0.0625,0,0.078125,0,0.0625,0,0.0625,0,0.0625,0,0.0625,0,0.0625,0,0.078125,0,0.0625,0,0.046875,0,0.0625,0,0.046875,0,0.0625,0,0.046875,0,0.046875,0,0.0625,0,0.046875,0,0.0625,0,0.0625,0,0.0625,0,0.0625,0,0.0625,0.733333,0.0625,0,0.0625,0,0.0625,0,0.0625,0,0.0625,0,0.0625,0,0.0625,0,0.09375,0.733333,0.078125,0.866667,0.0625,0,0.0625,0,0.0625,0,0.046875,0,0.046875,0,0.0625,0,0.0625,0,0.0625,0,0.0625,0,0.0625,0,0.09375,0.733333,0.0625,0,0.046875,0,0.046875,0,0.0625,0,0.0625,0,0.0625,0,0.078125,0,0.0625,0,0.0625,0,0.0625,0,0.0625,0,0.0625,0,0.0625,0,0.078125,0.733333,0.0625,0,0.078125,0.733333,0.0625,0,0.0625,0,0.0625,0,0.0625,0,0.078125,0,0.0625,0,0.0625,0,0.0625,0,
56,100,2,0.0625,0,0.0625,0,0.0625,0,0.0625,0,0.09375,0.933333,0.0625,0,0.0625,0,0.0625,0,0.046875,0,0.0625,0,0.078125,0,0.0625,0,0.046875,0.988562,0.046875,0,0.0625,0,0.046875,0,0.078125,0.266667,0.0625,0,0.0625,0,0.0625,0,0.0625,0,0.0625,0,0.0625,0,0.0625,0,0.0625,0,0.0625,0,0.0625,0,0.0625,0,0.0625,0,0.0625,0,0.046875,0,0.046875,0,0.0625,0,0.0625,0.6,0.0625,0,0.0625,0,0.0625,0,0.0625,0,0.0625,0,0.078125,0.882843,0.0625,0,0.09375,0.933333,0.046875,0,0.0625,0,0.078125,0,0.0625,0,0.0625,0,0.0625,0,0.0625,0,0.078125,0,0.0625,0,0.0625,0,0.0625,0,0.0625,0,0.046875,0,0.0625,0,0.0625,0,0.046875,0,0.0625,0,0.078125,0,0.0625,0,0.0625,0,0.0625,0,0.0625,0,0.0625,0,0.0625,0,0.046875,0,0.0625,0,0.0625,0,0.0625,0,0.0625,0,0.0625,0,0.046875,0,0.0625,0,0.0625,0,0.0625,0,0.0625,0,0.0625,0,0.0625,0,0.0625,0,0.0625,0,0.0625,0,0.078125,0.8,0.0625,0.733333,0.0625,0,0.0625,0,0.0625,0,0.078125,0,0.0625,0,0.09375,0.733333,0.078125,0,0.0625,0,0.078125,0.266667,0.0625,0,0.0625,0,0.0625,0,0.0625,0,0.046875,0,0.046875,0,0.0625,0,
57,100,2,0.078125,0.8,0.0625,0,0.0625,0,0.0625,0,0.0625,0,0.09375,0.666667,0.078125,0,0.0625,0,0.0625,0,0.0625,0,0.0625,0,0.0625,0,0.0625,0,0.0625,0,0.046875,0,0.0625,0,0.046875,0,0.0625,0,0.0625,0,0.0625,0,0.0625,0,0.0625,0,0.0625,0,0.0625,0,0.0625,0,0.046875,0,0.0625,0,0.09375,0.8,0.0625,0,0.078125,0,0.078125,0,0.0625,0,0.0625,0,0.0625,0,0.109375,1.08758,0.0625,0,0.0625,0,0.0625,0,0.0625,0,0.0625,0,0.0625,0,0.0625,0.4,0.078125,0,0.0625,0,0.0625,0,0.046875,0,0.0625,0,0.0625,0,0.0625,0,0.0625,0,0.046875,0,0.0625,0,0.0625,0,0.09375,0.933333,0.0625,0,0.0625,0,0.0625,0,0.0625,0,0.0625,0.4,0.0625,0,0.0625,0,0.046875,0,0.046875,0,0.0625,0,0.0625,0,0.0625,0,0.0625,0,0.0625,0,0.0625,0.4,0.0625,0,0.0625,0,0.0625,0,0.046875,0,0.0625,0,0.0625,0,0.046875,0,0.0625,0,0.0625,0.6,0.0625,0,0.078125,0,0.0625,0.4,0.0625,0,0.078125,0,0.0625,0,0.09375,0.8,0.0625,0,0.0625,0,0.0625,0,0.0625,0,0.0625,0,0.046875,0,0.0625,0,0.0625,0,0.046875,0,0.046875,0,0.0625,0.4,0.0625,0,0.0625,0,0.0625,0,0.0625,0,
58,100,2,0.0625,0,0.0625,0.466667,0.0625,0,0.0625,0,0.0625,0,0.0625,0,0.046875,0,0.0625,0,0.0625,0,0.0625,0,0.0625,0,0.0625,0,0.0625,0,0.0625,0,0.0625,0,0.0625,0,0.0625,0,0.0625,0,0.0625,0,0.0625,0,0.0625,0,0.078125,0,0.0625,0,0.0625,0,0.0625,0,0.046875,0,0.0625,0,0.0625,0,0.046875,0,0.046875,0,0.078125,0.933333,0.078125,1.00474,0.0625,0,0.0625,0,0.0625,0,0.078125,0,0.0625,0,0.09375,0.8,0.0625,0,0.0625,0,0.0625,0,0.0625,0,0.0625,0,0.0625,0.466667,0.0625,0,0.0625,0,0.0625,0,0.0625,0,0.0625,0,0.046875,0,0.0625,0,0.0625,0,0.0625,0,0.0625,0,0.0625,0,0.046875,0,0.03125,0.6,0.0625,0,0.0625,0,0.0625,0,0.0625,0,0.0625,0,0.0625,0,0.0625,0,0.0625,0,0.0625,0,0.0625,0,0.0625,0,0.0625,0,0.0625,0,0.0625,0,0.0625,0,0.09375,0.866667,0.046875,0,0.0625,0,0.0625,0,0.0625,0,0.046875,0,0.0625,0,0.0625,0,0.0625,0,0.0625,0,0.0625,0,0.078125,0,0.03125,0,0.0625,0,0.0625,0,0.0625,0,0.0625,0,0.0625,0,0.0625,0,0.0625,0,0.046875,0,0.0625,0,0.0625,0,0.0625,0,0.0625,0,0.0625,0,0.0625,0,0.0625,0,
59,100,2,0.078125,0,0.078125,0.733333,0.0625,0,0.0625,0,0.046875,0,0.0625,0,0.0625,0,0.0625,0,0.0625,0.333333,0.0625,0,0.0625,0,0.0625,0,0.0625,0,0.0625,0,0.0625,0,0.078125,0.866667,0.0625,0,0.046875,0,0.046875,0,0.0625,0,0.0625,0,0.046875,0,0.0625,0,0.0625,0,0.0625,0,0.0625,0,0.0625,0,0.0625,0,0.0625,0,0.0625,0,0.0625,0,0.0625,0,0.078125,0.333333,0.0625,0,0.0625,0,0.0625,0,0.0625,0,0.078125,0,0.0625,0,0.078125,0,0.0625,0,0.046875,0,0.0625,0,0.046875,0,0.0625,0,0.0625,0,0.0625,0,0.0625,0.333333,0.0625,0,0.0625,0,0.046875,0,0.0625,0,0.0625,0,0.078125,0.733333,0.0625,0,0.0625,0,0.0625,0,0.0625,0,0.0625,0,0.0625,0,0.0625,0,0.0625,0.533333,0.078125,0,0.0625,0,0.0625,0,0.0625,0,0.0625,0,0.0625,0,0.046875,0,0.0625,0,0.0625,0,0.109375,1.51064,0.0625,0,0.0625,0,0.09375,0.6,0.0625,0.333333,0.078125,0,0.03125,0,0.0625,0,0.0625,0,0.0625,0,0.09375,0.8,0.0625,0,0.078125,0.733333,0.0625,0,0.0625,0,0.0625,0,0.0625,0,0.0625,0,0.0625,0,0.0625,0,0.0625,0,0.0625,0,0.0625,0,0.0625,0,0.0625,0,0.0625,0,0.0625,0,0.0625,0,0.0625,0,
60,100,2,0.0625,0,0.0625,0,0.0625,0,0.0625,0,0.0625,0,0.0625,0,0.046875,0,0.0625,0,0.0625,0,0.0625,0,0.0625,0,0.0625,0,0.0625,0,0.0625,0,0.0625,0,0.0625,0,0.0625,0,0.0625,0,0.0625,0,0.0625,0,0.0625,0,0.0625,0,0.046875,0,0.0625,0,0.0625,0,0.0625,0,0.0625,0.333333,0.0625,0,0.0625,0,0.109375,0.938071,0.078125,0,0.0625,0,0.0625,0,0.09375,0.866667,0.0625,0,0.046875,0,0.078125,0,0.0625,0,0.0625,0,0.0625,0,0.0625,0,0.0625,0,0.0625,0,0.0625,0,0.046875,0,0.0625,0,0.046875,0,0.0625,0,0.046875,0,0.0625,0,0.046875,0,0.0625,0,0.0625,0,0.0625,0,0.046875,0,0.0625,0,0.0625,0,0.078125,0,0.0625,0,0.0625,0,0.0625,0,0.0625,0,0.0625,0,0.0625,0,0.0625,0,0.0625,0,0.0625,0,0.046875,0,0.078125,0,0.0625,0,0.0625,0.333333,0.0625,0,0.0625,0,0.078125,0.533333,0.0625,0,0.046875,0,0.0625,0.466667,0.046875,0,0.0625,0,0.0625,0,0.0625,0,0.0625,0,0.046875,0,0.078125,0,0.0625,0,0.0625,0,0.078125,0.533333,0.0625,0,0.078125,0,0.0625,0,0.0625,0,0.078125,0.533333,0.0625,0,0.0625,0.466667,0.0625,0,0.078125,0,0.0625,0,0.046875,0,0.0625,0,0.0625,0,
61,100,2,0.046875,0,0.0625,0,0.0625,0.2,0.09375,0.533333,0.0625,0,0.0625,0,0.0625,0,0.0625,0,0.0625,0,0.046875,0,0.078125,0.333333,0.078125,0,0.0625,0,0.0625,0,0.0625,0,0.0625,0,0.078125,0.8,0.046875,0,0.0625,0,0.0625,0,0.0625,0,0.078125,0,0.0625,0,0.0625,0,0.078125,0,0.046875,0,0.046875,0,0.0625,0,0.046875,0,0.0625,0,0.078125,0,0.0625,0,0.046875,0,0.0625,0,0.0625,0,0.0625,0,0.0625,0,0.078125,0,0.0625,0,0.046875,0,0.0625,0,0.078125,0.6,0.0625,0,0.0625,0,0.046875,0,0.0625,0,0.0625,0.266667,0.0625,0,0.046875,0,0.0625,0,0.0625,0,0.0625,0,0.0625,0,0.0625,0,0.078125,0.733333,0.0625,0,0.0625,0,0.0625,0,0.0625,0,0.046875,0,0.0625,0,0.078125,0,0.046875,0,0.078125,0,0.046875,0,0.046875,0,0.0625,0,0.0625,0,0.0625,0,0.0625,0,0.0625,0,0.0625,0.266667,0.0625,0,0.0625,0,0.09375,0.733333,0.078125,0.733333,0.0625,0,0.0625,0,0.0625,0,0.0625,0,0.0625,0,0.0625,0.266667,0.0625,0,0.0625,0,0.0625,0,0.0625,0,0.078125,0,0.0625,0,0.046875,0,0.0625,0.2,0.0625,0,0.046875,0,0.0625,0,0.0625,0,0.046875,0,0.078125,0.933333,0.0625,0,0.0625,0,0.0625,0,0.09375,0.533333,
62,100,2,0.0625,0,0.078125,0,0.046875,0,0.078125,0,0.078125,0,0.0625,0,0.046875,0,0.0625,0,0.0625,0,0.0625,0,0.078125,0.333333,0.0625,0,0.0625,0,0.0625,0,0.078125,0,0.0625,0,0.0625,0,0.078125,0,0.0625,0,0.078125,0,0.0625,0,0.0625,0,0.0625,0,0.0625,0,0.0625,0,0.0625,0,0.0625,0,0.0625,0,0.078125,0.666667,0.0625,0,0.0625,0,0.0625,0,0.0625,0,0.0625,0,0.0625,0,0.0625,0,0.0625,0,0.0625,0,0.0625,0,0.0625,0.2,0.0625,0,0.0625,0,0.0625,0,0.046875,0.933333,0.0625,0,0.09375,0.733333,0.0625,0,0.0625,0.2,0.0625,0,0.0625,0,0.0625,0,0.0625,0,0.046875,0,0.0625,0,0.0625,0,0.0625,0,0.0625,0,0.078125,0,0.0625,0,0.078125,0,0.046875,0,0.0625,0,0.0625,0,0.0625,0,0.046875,0,0.0625,0,0.046875,0,0.0625,0,0.0625,0,0.046875,0,0.0625,0,0.078125,0,0.078125,0,0.0625,0,0.0625,0,0.0625,0,0.0625,0,0.0625,0,0.0625,0,0.0625,0.266667,0.078125,0,0.0625,0,0.0625,0,0.078125,0,0.0625,0,0.0625,0,0.0625,0,0.046875,0,0.0625,0,0.0625,0,0.0625,0,0.078125,0,0.0625,0,0.0625,0,0.0625,0,0.0625,0,0.078125,0,0.078125,0.533333,0.046875,0,0.0625,0,
63,100,2,0.0625,0,0.0625,0,0.09375,0.6,0.046875,0,0.046875,0,0.046875,0,0.046875,0,0.078125,0,0.078125,0,0.0625,0,0.0625,0,0.046875,0,0.0625,0,0.0625,0,0.0625,0,0.0625,0,0.0625,0,0.078125,0,0.078125,0.466667,0.0625,0,0.0625,0,0.0625,0,0.0625,0,0.0625,0,0.078125,0,0.0625,0,0.078125,0.333333,0.09375,0.6,0.09375,0.8,0.046875,0,0.0625,0,0.078125,0.733333,0.046875,0,0.046875,0,0.0625,0,0.078125,0,0.0625,0,0.046875,0,0.0625,0,0.0625,0,0.0625,0,0.0625,0,0.0625,0,0.0625,0,0.046875,0,0.0625,0,0.0625,0,0.078125,0,0.046875,0,0.078125,0,0.09375,0.6,0.0625,0,0.0625,0,0.046875,0,0.0625,0,0.0625,0,0.078125,0,0.078125,0.466667,0.0625,0,0.078125,0,0.0625,0,0.0625,0,0.0625,0,0.046875,0,0.078125,0,0.0625,0.2,0.0625,0.2,0.0625,0,0.0625,0,0.0625,0.133333,0.0625,0,0.046875,0,0.0625,0,0.0625,0,0.078125,0,0.0625,0,0.0625,0,0.0625,0,0.0625,0,0.0625,0,0.0625,0,0.078125,0.866667,0.0625,0,0.0625,0,0.046875,0,0.0625,0,0.0625,0,0.0625,0,0.0625,0,0.0625,0,0.0625,0,0.0625,0,0.0625,0,0.046875,0,0.046875,0,0.0625,0,0.0625,0.133333,0.0625,0.133333,0.0625,0,0.0625,0,
64,100,2,0.0625,0,0.0625,0,0.0625,0,0.0625,0,0.0625,0,0.0625,0,0.0625,0,0.046875,0,0.0625,0.0666667,0.0625,0,0.0625,0,0.078125,0,0.0625,0,0.0625,0,0.078125,0,0.046875,0,0.0625,0,0.078125,0.6,0.046875,0,0.0625,0,0.0625,0,0.078125,0,0.0625,0,0.078125,0,0.0625,0,0.0625,0,0.046875,0,0.0625,0,0.0625,0,0.078125,0,0.046875,0,0.0625,0,0.078125,0.6,0.0625,0,0.078125,0,0.09375,0.6,0.0625,0,0.078125,0,0.0625,0,0.0625,0,0.0625,0,0.0625,0,0.0625,0,0.0625,0,0.0625,0,0.09375,0.866667,0.078125,0.466667,0.0625,0,0.078125,0,0.09375,1.09902,0.0625,0,0.0625,0,0.078125,0.8,0.078125,0,0.078125,0.8,0.0625,0,0.0625,0.0666667,0.0625,0,0.078125,0,0.0625,0,0.09375,0.933333,0.0625,0,0.0625,0,0.0625,0,0.0625,0,0.0625,0,0.078125,0.8,0.046875,0,0.03125,0,0.078125,0,0.0625,0,0.0625,0,0.0625,0,0.09375,0.666667,0.0625,0,0.0625,0,0.046875,0,0.078125,0.6,0.0625,0,0.078125,0,0.0625,0,0.046875,0,0.0625,0.0666667,0.0625,0,0.078125,0,0.0625,0,0.0625,0,0.0625,0,0.078125,0,0.046875,0,0.046875,0,0.078125,0,0.046875,0,0.0625,0,0.0625,0,0.046875,0,0.0625,0,0.046875,0,0.0625,0,0.0625,0,
65,100,2,0.078125,0.733333,0.0625,0,0.0625,0,0.0625,0,0.0625,0,0.09375,0.4,0.0625,0.8,0.078125,0.4,0.0625,0,0.046875,0,0.09375,0.4,0.078125,0,0.0625,0,0.0625,0,0.0625,0.8,0.078125,0.4,0.0625,0,0.0625,0,0.109375,0.666667,0.078125,0,0.09375,1.0714,0.0625,0,0.0625,0,0.046875,0,0.0625,0,0.0625,0,0.0625,0,0.0625,0,0.078125,0,0.0625,0,0.078125,0.4,0.078125,0.4,0.0625,0,0.078125,0,0.0625,0,0.0625,0,0.0625,0,0.09375,0.533333,0.09375,0.4,0.078125,0,0.0625,0,0.046875,0,0.0625,0,0.0625,0,0.0625,0,0.046875,0,0.046875,0,0.0625,0,0.109375,1.2647,0.0625,0,0.0625,0,0.0625,0,0.0625,0,0.0625,0,0.0625,0,0.0625,0,0.0625,0,0.078125,0,0.0625,0,0.0625,0,0.0625,0,0.0625,0,0.0625,0,0.078125,0,0.0625,0,0.046875,0,0.078125,0.4,0.046875,0,0.0625,0,0.0625,0,0.046875,0,0.0625,0,0.046875,0,0.078125,0.8,0.078125,0,0.09375,0.866667,0.0625,0,0.078125,0.4,0.09375,0.8,0.0625,0,0.046875,0,0.0625,0,0.078125,0,0.078125,0,0.078125,0,0.0625,0,0.0625,0,0.09375,0.533333,0.078125,0,0.0625,0,0.046875,0,0.109375,0.666667,0.09375,0.4,0.078125,0,0.0625,0,0.0625,0,0.046875,0,0.046875,0,0.0625,0,0.046875,0,
66,100,2,0.0625,0,0.0625,0,0.078125,0,0.0625,0,0.0625,0,0.0625,0,0.0625,0,0.0625,0,0.0625,0,0.078125,0,0.09375,0.133333,0.078125,0,0.0625,0,0.09375,0.133333,0.078125,0,0.0625,0,0.0625,0,0.078125,0,0.0625,0,0.09375,0.133333,0.078125,0,0.078125,0,0.0625,0,0.078125,0.4,0.0625,0,0.109375,0.6,0.0625,0,0.109375,1.04379,0.0625,0,0.078125,0,0.078125,0,0.0625,0,0.078125,0.333333,0.0625,0,0.0625,0,0.0625,0,0.0625,0,0.09375,0.866667,0.09375,0.133333,0.0625,0,0.09375,0.133333,0.0625,0,0.0625,0,0.09375,0.133333,0.0625,0,0.0625,0,0.0625,0,0.0625,0,0.078125,0,0.0625,0,0.09375,0.466667,0.0625,0,0.0625,0,0.0625,0,0.0625,0,0.046875,0,0.0625,0,0.0625,0,0.0625,0,0.046875,0,0.0625,0,0.0625,0,0.046875,0,0.09375,0.466667,0.0625,0,0.0625,0,0.09375,0.8,0.0625,0,0.0625,0,0.09375,0.466667,0.046875,0,0.078125,0.4,0.0625,0,0.0625,0,0.046875,0,0.0625,0,0.0625,0,0.078125,0,0.0625,0,0.0625,0,0.109375,1.2647,0.0625,0,0.078125,0,0.0625,0,0.078125,0,0.0625,0,0.078125,0,0.0625,0,0.0625,0,0.0625,0,0.0625,0,0.078125,0,0.0625,0,0.0625,0,0.0625,0,0.046875,0,0.0625,0,0.09375,0.133333,0.0625,0,0.0625,0,
67,100,2,0.0625,0,0.0625,0,0.0625,0,0.046875,0,0.046875,0,0.078125,0.666667,0.046875,0,0.078125,0,0.046875,0,0.0625,0,0.0625,0,0.0625,0,0.09375,0.2,0.046875,0,0.0625,0,0.0625,0,0.0625,0,0.078125,0,0.0625,0,0.09375,0.2,0.046875,0,0.046875,0,0.046875,0,0.0625,0,0.0625,0,0.0625,0,0.0625,0,0.0625,0,0.078125,0.266667,0.078125,0,0.046875,0,0.0625,0,0.046875,0,0.0625,0,0.0625,0,0.09375,0.894281,0.0625,0,0.0625,0,0.0625,0,0.0625,0,0.0625,0,0.0625,0,0.0625,0,0.0625,0,0.0625,0,0.0625,0,0.0625,0,0.078125,0,0.0625,0,0.078125,0.2,0.0625,0,0.0625,0,0.0625,0,0.078125,0,0.09375,0.466667,0.09375,0.8,0.046875,0,0.078125,0.666667,0.078125,0.2,0.0625,0,0.0625,0,0.0625,0,0.0625,0,0.0625,0,0.0625,0,0.078125,0,0.0625,0,0.0625,0,0.046875,0,0.046875,0,0.078125,0,0.078125,0.2,0.078125,0.2,0.078125,0,0.0625,0,0.0625,0,0.046875,0,0.0625,0,0.046875,0,0.046875,0,0.09375,0.866667,0.0625,0,0.078125,0,0.078125,0,0.0625,0,0.046875,0,0.09375,0.466667,0.078125,0,0.0625,0,0.0625,0,0.0625,0,0.0625,0,0.0625,0,0.078125,0,0.0625,0,0.0625,0,0.078125,0,0.0625,0,0.0625,0,0.0625,0,
68,100,2,0.09375,0.133333,0.0625,0,0.09375,1.31993,0.09375,0.466667,0.0625,0,0.09375,0.133333,0.0625,0,0.0625,0,0.0625,0,0.0625,0,0.0625,0,0.0625,0,0.09375,0.733333,0.09375,0.8,0.078125,0.133333,0.078125,0.133333,0.0625,0,0.046875,0,0.078125,0,0.0625,0,0.0625,0,0.078125,0,0.046875,0,0.0625,0,0.078125,0,0.046875,0,0.078125,0,0.0625,0,0.0625,0,0.0625,0,0.078125,0,0.0625,0,0.0625,0,0.0625,0,0.078125,0,0.0625,0,0.0625,0,0.0625,0,0.046875,0,0.078125,0,0.0625,0,0.0625,0,0.078125,0.933333,0.078125,0,0.078125,0,0.0625,0,0.046875,0,0.078125,0.133333,0.078125,0,0.078125,0,0.078125,0,0.0625,0,0.078125,0,0.078125,0.133333,0.0625,0,0.046875,0,0.0625,0,0.0625,0,0.0625,0,0.09375,0.133333,0.078125,0,0.0625,0,0.0625,0,0.0625,0,0.046875,0,0.0625,0,0.0625,0,0.078125,0,0.0625,0,0.0625,0,0.078125,0.866667,0.078125,0,0.09375,0.466667,0.0625,0,0.09375,0.8,0.078125,0,0.0625,0,0.0625,0,0.0625,0,0.0625,0,0.0625,0,0.078125,0.133333,0.078125,0,0.046875,0,0.0625,0,0.0625,0,0.0625,0,0.0625,0,0.0625,0,0.0625,0,0.0625,0,0.09375,0.788562,0.046875,0,0.0625,0,0.0625,0,0.0625,0,0.078125,0.133333,0.0625,0,0.0625,0,0.078125,0,
