0,100,2,0.046875,0,0.0625,0,0.046875,0,0.0625,0,0.046875,0.6,0.0625,0,0.0625,0,0.046875,0.6,0.0625,0,0.046875,0.8,0.0625,0,0.0625,0,0.046875,0.6,0.0625,0,0.0625,0,0.0625,0,0.0625,0,0.0625,0,0.046875,0,0.0625,0,0.0625,0,0.0625,0,0.0625,0,0.0625,0,0.0625,0,0.0625,0,0.046875,0,0.0625,0,0.0625,0,0.046875,0,0.0625,0,0.0625,0,0.0625,0,0.0625,0,0.0625,0,0.0625,0,0.0625,0,0.03125,0.866667,0.0625,0,0.046875,0,0.0625,0,0.046875,0,0.0625,0,0.046875,0,0.046875,0,0.0625,0,0.046875,0,0.03125,0.866667,0.0625,0,0.0625,0,0.046875,0,0.046875,0,0.03125,0.933333,0.0625,0,0.0625,0,0.046875,0.6,0.0625,0,0.0625,0,0.0625,0,0.0625,0,0.0625,0,0.0625,0,0.046875,0.8,0.0625,0,0.0625,0,0.0625,0,0.046875,0,0.0625,0,0.0625,0,0.0625,0,0.0625,0,0.0625,0,0.0625,0,0.0625,0,0.046875,0.6,0.0625,0,0.046875,0,0.078125,1.31993,0.0625,0,0.0625,0,0.0625,0,0.0625,0,0.0625,0,0.046875,0,0.0625,0,0.0625,0,0.0625,0,0.0625,0,0.0625,0,0.046875,0.6,0.046875,0,0.0625,0,0.046875,0.8,0.0625,0,0.0625,0,0.0625,0,0.0625,0,0.046875,0,0.0625,0,0.0625,0,
1,100,2,0.0625,0,0.0625,0,0.0625,0,0.0625,0,0.078125,0.933333,0.0625,0,0.046875,0,0.046875,0.866667,0.0625,0,0.03125,0.866667,0.0625,0,0.0625,0,0.046875,0,0.0625,0,0.0625,0,0.0625,0,0.0625,0,0.0625,0,0.046875,0,0.046875,0,0.0625,0,0.0625,0,0.0625,0,0.046875,0,0.0625,0,0.0625,0,0.0625,0,0.0625,0,0.0625,0,0.046875,0,0.0625,0,0.0625,0,0.0625,0,0.0625,0,0.0625,0,0.0625,0,0.0625,0,0.0625,0,0.0625,0,0.046875,0,0.0625,0,0.0625,0,0.0625,0,0.0625,0,0.0625,0,0.0625,0,0.046875,0,0.0625,0,0.0625,0,0.0625,0,0.0625,0,0.046875,0,0.0625,0,0.046875,0.866667,0.0625,0,0.0625,0,0.0625,0,0.0625,0,0.046875,0,0.0625,0,0.0625,0,0.046875,0,0.0625,0,0.0625,0,0.0625,0,0.0625,0,0.0625,0,0.0625,0,0.0625,0,0.046875,0,0.0625,0,0.046875,0.733333,0.046875,0,0.0625,0,0.0625,0,0.0625,0,0.0625,0,0.0625,0,0.0625,0,0.0625,0,0.046875,0.733333,0.0625,0,0.0625,0,0.046875,0,0.0625,0,0.0625,0,0.0625,0,0.046875,0,0.046875,0,0.046875,0,0.0625,0,0.0625,0,0.0625,0,0.046875,0,0.0625,0,0.0625,0,0.046875,0,0.0625,0,0.0625,0,0.0625,0,
2,100,2,0.0625,0,0.0625,0,0.046875,0,0.0625,0,0.046875,0.6,0.0625,0,0.046875,0.6,0.0625,0,0.0625,0,0.0625,0,0.0625,0,0.0625,0,0.0625,0,0.046875,0,0.046875,0,0.0625,0,0.0625,0,0.0625,0,0.0625,0,0.0625,0,0.0625,0,0.046875,0,0.046875,0,0.0625,0,0.0625,0,0.0625,0,0.0625,0,0.0625,0,0.0625,0,0.046875,0,0.0625,0,0.0625,0,0.0625,0,0.0625,0,0.046875,0,0.0625,0,0.046875,0,0.046875,0.866667,0.046875,0,0.0625,0,0.0625,0,0.046875,0,0.0625,0,0.0625,0,0.0625,0,0.046875,1.29232,0.0625,0,0.0625,0,0.0625,0,0.0625,0,0.0625,0,0.0625,0,0.0625,0,0.0625,0,0.0625,0,0.0625,0,0.0625,0,0.046875,0,0.0625,0,0.046875,0,0.0625,0,0.0625,0,0.0625,0,0.0625,0,0.0625,0,0.0625,0,0.0625,0,0.0625,0,0.0625,0,0.0625,0,0.0625,0,0.0625,0,0.046875,0.6,0.0625,0,0.0625,0,0.0625,0,0.0625,0,0.046875,0,0.0625,0,0.0625,0,0.0625,0,0.0625,0,0.046875,0.6,0.0625,0,0.0625,0,0.0625,0,0.0625,0,0.0625,0,0.0625,0,0.0625,0,0.0625,0,0.046875,0,0.0625,0,0.0625,0,0.046875,0,0.046875,0,0.0625,0,0.0625,0,0.046875,0,0.0625,0,
3,100,2,0.0625,0,0.046875,0,0.046875,0,0.0625,0,0.0625,0,0.0625,0,0.0625,0,0.046875,0.666667,0.0625,0,0.0625,0,0.0625,0,0.0625,0,0.046875,0,0.0625,0,0.0625,0,0.0625,0,0.0625,0,0.0625,0,0.0625,0,0.046875,0,0.0625,0,0.046875,0,0.0625,0,0.0625,0,0.0625,0,0.0625,0,0.0625,0,0.0625,0,0.0625,0,0.0625,0,0.046875,0,0.0625,0,0.0625,0,0.0625,0,0.0625,0,0.0625,0,0.0625,0,0.0625,0,0.046875,0,0.046875,0,0.046875,0,0.0625,0,0.046875,0,0.0625,0,0.0625,0,0.0625,0,0.046875,0,0.0625,0,0.0625,0,0.0625,0,0.046875,0,0.0625,0,0.0625,0,0.0625,0,0.0625,0,0.0625,0,0.0625,0,0.0625,0,0.046875,0.666667,0.0625,0,0.0625,0,0.0625,0,0.0625,0,0.0625,0,0.0625,0,0.0625,0,0.0625,0,0.0625,0,0.0625,0,0.0625,0,0.046875,0,0.0625,0,0.0625,0,0.0625,0,0.0625,0,0.0625,0,0.0625,0,0.0625,0,0.0625,0,0.0625,0,0.0625,0,0.046875,0,0.046875,0,0.0625,0,0.0625,0,0.0625,0,0.0625,0,0.0625,0,0.046875,0,0.046875,0,0.0625,0,0.046875,0,0.046875,0,0.046875,0,0.0625,0,0.046875,0.866667,0.0625,0,0.0625,0,0.0625,0,0.0625,0,
4,100,2,0.046875,0,0.046875,0,0.046875,0,0.0625,0,0.0625,0,0.0625,0,0.046875,0,0.046875,0,0.0625,0,0.0625,0,0.0625,0,0.046875,0.8,0.0625,0,0.0625,0,0.0625,0,0.0625,0,0.0625,0,0.0625,0,0.0625,0,0.0625,0,0.0625,0,0.0625,0,0.046875,0.6,0.0625,0,0.046875,0,0.046875,0,0.0625,0,0.0625,0,0.0625,0,0.0625,0,0.0625,0,0.0625,0,0.0625,0,0.0625,0,0.046875,0,0.0625,0,0.046875,0.6,0.0625,0,0.046875,0,0.0625,0,0.0625,0,0.0625,0,0.0625,0,0.0625,0,0.0625,0,0.0625,0,0.046875,0,0.0625,0,0.0625,0,0.0625,0,0.046875,0,0.046875,0,0.0625,0,0.0625,0,0.046875,0,0.046875,0.8,0.0625,0,0.0625,0,0.0625,0,0.0625,0,0.0625,0,0.0625,0,0.0625,0,0.0625,0,0.0625,0,0.0625,0,0.0625,0,0.0625,0,0.0625,0,0.0625,0,0.0625,0,0.0625,0,0.0625,0,0.046875,0,0.0625,0,0.0625,0,0.0625,0,0.046875,0,0.0625,0,0.0625,0,0.0625,0,0.0625,0,0.0625,0,0.0625,0,0.0625,0,0.0625,0,0.0625,0,0.046875,0,0.0625,0,0.0625,0,0.0625,0,0.046875,0,0.0625,0,0.0625,0,0.0625,0,0.046875,0,0.0625,0,0.0625,0,0.046875,0,0.046875,0.6,
5,100,2,0.046875,0,0.0625,0,0.0625,0,0.0625,0,0.0625,0,0.0625,0,0.0625,0,0.0625,0,0.0625,0,0.046875,0,0.03125,0.866667,0.0625,0,0.0625,0,0.0625,0,0.0625,0,0.0625,0,0.0625,0,0.046875,0.333333,0.0625,0,0.046875,0,0.046875,0,0.0625,0,0.0625,0,0.046875,0,0.0625,0,0.046875,0,0.0625,0,0.0625,0,0.0625,0,0.0625,0,0.0625,0,0.0625,0,0.0625,0,0.0625,0,0.0625,0,0.0625,0,0.0625,0,0.0625,0,0.0625,0,0.0625,0,0.046875,0,0.0625,0,0.0625,0,0.0625,0,0.046875,0,0.046875,0,0.046875,0,0.0625,0,0.0625,0,0.0625,0,0.0625,0,0.046875,0,0.078125,1.31993,0.0625,0,0.046875,0,0.0625,0,0.0625,0,0.0625,0,0.0625,0,0.046875,0.333333,0.046875,0.333333,0.0625,0,0.0625,0,0.0625,0,0.0625,0,0.0625,0,0.0625,0,0.0625,0,0.0625,0,0.046875,0.333333,0.0625,0,0.0625,0,0.0625,0,0.0625,0,0.0625,0,0.0625,0,0.0625,0,0.0625,0,0.0625,0,0.0625,0,0.0625,0,0.0625,0,0.0625,0,0.0625,0,0.0625,0,0.046875,0.333333,0.0625,0,0.0625,0,0.046875,0,0.046875,0.8,0.046875,0.333333,0.0625,0,0.0625,0,0.0625,0,0.0625,0,0.046875,0,0.046875,0.8,0.0625,0,0.0625,0,0.0625,0,
6,100,2,0.0625,0,0.0625,0,0.0625,0,0.0625,0,0.046875,0,0.0625,0,0.046875,0,0.0625,0,0.0625,0,0.046875,0,0.046875,0.8,0.0625,0,0.0625,0,0.0625,0,0.0625,0,0.046875,0,0.0625,0,0.046875,0,0.046875,0,0.0625,0,0.0625,0,0.0625,0,0.046875,0.2,0.046875,0.2,0.0625,0,0.0625,0,0.0625,0,0.0625,0,0.0625,0,0.0625,0,0.046875,0.2,0.0625,0,0.0625,0,0.0625,0,0.0625,0,0.046875,0,0.0625,0,0.0625,0,0.0625,0,0.0625,0,0.046875,0.2,0.046875,0.8,0.0625,0,0.0625,0,0.0625,0,0.0625,0,0.046875,0,0.0625,0,0.0625,0,0.046875,0,0.046875,0,0.0625,0,0.0625,0,0.0625,0,0.046875,0,0.0625,0,0.0625,0,0.0625,0,0.0625,0,0.046875,0,0.046875,0,0.046875,0,0.0625,0,0.046875,0,0.0625,0,0.046875,0,0.0625,0,0.0625,0,0.0625,0,0.046875,0.2,0.0625,0,0.0625,0,0.0625,0,0.0625,0,0.0625,0,0.0625,0,0.03125,0.8,0.046875,0,0.0625,0,0.0625,0,0.046875,1.20948,0.0625,0,0.0625,0,0.0625,0,0.0625,0,0.0625,0,0.0625,0,0.0625,0,0.03125,0.8,0.0625,0,0.0625,0.933333,0.0625,0,0.0625,0,0.0625,0,0.0625,0,0.0625,0,0.046875,0,0.0625,0,0.0625,0,0.0625,0,
7,100,2,0.0625,0,0.0625,0,0.03125,0.6,0.0625,0,0.0625,0,0.0625,0,0.0625,0,0.0625,0,0.046875,0.2,0.0625,0,0.046875,0,0.0625,0,0.0625,0,0.0625,0,0.0625,0,0.0625,0,0.0625,0,0.0625,0,0.0625,0,0.0625,0,0.046875,0,0.0625,0,0.078125,0.933333,0.0625,0,0.0625,0,0.0625,0,0.046875,0,0.0625,0,0.0625,0,0.0625,0,0.0625,0,0.0625,0,0.0625,0,0.0625,0,0.0625,0,0.046875,0.733333,0.0625,0,0.0625,0,0.046875,0.733333,0.0625,0,0.0625,0,0.03125,0.6,0.0625,0,0.0625,0,0.0625,0,0.0625,0,0.0625,0,0.0625,0,0.0625,0,0.046875,0,0.0625,0,0.0625,0,0.0625,0,0.03125,0.6,0.046875,0,0.0625,0,0.0625,0,0.046875,0.2,0.046875,0,0.0625,0,0.046875,0,0.0625,0,0.0625,0,0.0625,0,0.0625,0,0.0625,0,0.0625,0,0.0625,0,0.0625,0,0.046875,0,0.0625,0,0.0625,0,0.0625,0,0.046875,0,0.046875,0.2,0.046875,0,0.03125,0.6,0.0625,0,0.0625,0,0.0625,0,0.0625,0,0.0625,0,0.046875,0,0.0625,0,0.0625,0,0.0625,0,0.0625,0,0.0625,0,0.0625,0,0.0625,0,0.0625,0,0.0625,0,0.046875,0.733333,0.046875,0,0.0625,0,0.0625,0,0.0625,0,0.0625,0,0.0625,0,0.0625,0,
8,100,2,0.0625,0,0.046875,0,0.0625,0,0.0625,0,0.0625,0,0.046875,0,0.0625,0,0.046875,0.466667,0.0625,0,0.0625,0,0.046875,0,0.046875,0,0.0625,0,0.0625,0,0.0625,0,0.0625,0,0.0625,0,0.046875,0,0.03125,0.333333,0.0625,0,0.0625,0,0.0625,0,0.046875,0,0.046875,0,0.046875,0,0.0625,0,0.0625,0,0.0625,0,0.03125,0.333333,0.0625,0,0.0625,0,0.046875,0,0.0625,0,0.046875,0,0.0625,0,0.03125,0.333333,0.046875,0,0.0625,0,0.0625,0,0.0625,0,0.03125,0.333333,0.0625,0,0.0625,0,0.0625,0,0.0625,0,0.03125,0.333333,0.0625,0,0.0625,0,0.046875,0,0.0625,0,0.0625,0,0.0625,0,0.0625,0,0.0625,0,0.0625,0,0.0625,0,0.0625,0,0.0625,0,0.046875,0,0.0625,0,0.0625,0,0.046875,0.466667,0.0625,0,0.0625,0,0.0625,0,0.0625,0,0.046875,0,0.0625,0,0.0625,0,0.0625,0,0.0625,0,0.046875,0,0.0625,0,0.0625,0,0.0625,0,0.0625,0,0.0625,0,0.0625,0,0.046875,0,0.046875,0,0.0625,0,0.0625,0,0.046875,0,0.0625,0,0.0625,0,0.046875,0,0.0625,0,0.0625,0,0.046875,0,0.0625,0,0.0625,0,0.0625,0,0.0625,0,0.0625,0,0.0625,0,0.0625,0,0.0625,0,0.046875,0.466667,0.0625,0,0.046875,0.466667,
9,100,2,0.0625,0,0.046875,0,0.0625,0,0.0625,0,0.03125,0.333333,0.0625,0,0.0625,0,0.0625,0,0.0625,0,0.03125,0.333333,0.046875,0,0.0625,0,0.0625,0,0.0625,0,0.0625,0,0.0625,0,0.03125,0.333333,0.0625,0,0.0625,0,0.046875,0,0.0625,0,0.0625,0,0.046875,0,0.0625,0,0.0625,0,0.0625,0,0.046875,0,0.0625,0,0.0625,0,0.0625,0,0.0625,0,0.0625,0,0.046875,0,0.0625,0,0.046875,0,0.046875,0,0.0625,0,0.0625,0,0.0625,0,0.0625,0,0.0625,0,0.046875,0,0.0625,0,0.046875,0,0.046875,0,0.0625,0,0.0625,0,0.0625,0,0.046875,0,0.0625,0,0.0625,0,0.0625,0,0.0625,0,0.0625,0,0.0625,0,0.0625,0,0.0625,0,0.0625,0,0.0625,0,0.0625,0,0.0625,0,0.0625,0,0.0625,0,0.046875,0.466667,0.046875,0.466667,0.0625,0,0.0625,0,0.0625,0,0.046875,0,0.0625,0,0.0625,0,0.0625,0,0.0625,0,0.0625,0,0.0625,0,0.046875,0,0.0625,0,0.0625,0,0.0625,0,0.046875,0,0.0625,0,0.0625,0,0.0625,0,0.0625,0,0.0625,0,0.046875,0,0.0625,0,0.0625,0,0.0625,0,0.046875,0,0.0625,0,0.0625,0,0.0625,0,0.0625,0,0.0625,0,0.0625,0,0.0625,0,0.046875,0,0.046875,0,0.078125,0.933333,
10,100,2,0.0625,0,0.0625,0,0.0625,0,0.0625,0,0.046875,0,0.0625,0,0.0625,0,0.0625,0,0.0625,0,0.0625,0,0.0625,0,0.0625,0,0.046875,0,0.0625,0,0.046875,0,0.046875,1.04379,0.0625,0,0.03125,0.333333,0.046875,0,0.046875,0,0.0625,0,0.0625,0,0.0625,0,0.0625,0,0.046875,0,0.046875,0,0.0625,0,0.0625,0,0.0625,0,0.0625,0,0.046875,0,0.0625,0,0.046875,0.466667,0.0625,0,0.0625,0,0.046875,0,0.0625,0,0.0625,0,0.0625,0,0.046875,0,0.0625,0,0.0625,0,0.046875,0,0.0625,0,0.0625,0,0.0625,0,0.0625,0,0.0625,0,0.0625,0,0.0625,0,0.0625,0,0.0625,0,0.0625,0,0.0625,0,0.0625,0,0.046875,0,0.0625,0,0.03125,0.333333,0.0625,0,0.0625,0,0.046875,0,0.0625,0,0.0625,0,0.046875,0,0.046875,0,0.046875,0.466667,0.046875,0,0.0625,0,0.046875,0,0.0625,0,0.046875,0,0.0625,0,0.046875,0,0.0625,0,0.0625,0,0.0625,0,0.0625,0,0.0625,0,0.0625,0,0.0625,0,0.0625,0,0.0625,0,0.0625,0,0.0625,0,0.0625,0,0.046875,0,0.046875,0,0.0625,0,0.0625,0,0.046875,0,0.0625,0,0.0625,0,0.046875,0,0.046875,0,0.0625,0,0.0625,0,0.0625,0,0.0625,0,0.0625,0,0.046875,0,
11,100,2,0.046875,0,0.0625,0,0.046875,0,0.0625,0,0.0625,0,0.0625,0,0.046875,0,0.0625,0,0.046875,0,0.0625,0,0.0625,0,0.0625,0,0.0625,0,0.0625,0,0.03125,0.133333,0.03125,0.133333,0.0625,0,0.046875,0,0.0625,0,0.0625,0,0.0625,0,0.0625,0,0.0625,0,0.046875,0,0.0625,0,0.046875,0,0.0625,0,0.046875,0,0.0625,0,0.0625,0,0.0625,0,0.046875,0,0.0625,0,0.0625,0,0.0625,0,0.0625,0,0.0625,0,0.0625,0,0.0625,0,0.046875,0,0.046875,0,0.0625,0,0.046875,0,0.078125,1.29232,0.0625,0,0.0625,0,0.0625,0,0.046875,0,0.0625,0,0.0625,0,0.046875,0,0.046875,0,0.0625,0,0.0625,0,0.0625,0,0.046875,0,0.0625,0,0.0625,0,0.0625,0,0.0625,0,0.046875,0,0.046875,0,0.0625,0,0.046875,0,0.0625,0,0.046875,0,0.0625,0,0.046875,0.266667,0.0625,0,0.0625,0,0.0625,0,0.0625,0,0.0625,0,0.046875,0,0.0625,0,0.0625,0,0.046875,0,0.0625,0,0.0625,0,0.0625,0,0.046875,0.266667,0.0625,0,0.078125,0.933333,0.046875,0,0.03125,0.133333,0.046875,0,0.0625,0,0.046875,0,0.046875,0.266667,0.0625,0,0.0625,0,0.0625,0,0.0625,0,0.0625,0,0.0625,0,0.046875,0,0.0625,0,0.0625,0,0.0625,0,0.0625,0,
12,100,2,0.0625,0,0.0625,0,0.0625,0,0.0625,0,0.046875,0,0.0625,0,0.0625,0,0.0625,0,0.0625,0,0.046875,0,0.0625,0,0.0625,0.866667,0.0625,0,0.0625,0,0.0625,0,0.0625,0,0.046875,0,0.0625,0,0.0625,0,0.03125,0.8,0.0625,0,0.0625,0,0.0625,0,0.046875,0,0.046875,0,0.0625,0,0.0625,0,0.046875,0,0.0625,0,0.0625,0,0.046875,1.18186,0.0625,0,0.046875,0,0.0625,0,0.0625,0,0.046875,0,0.046875,0,0.0625,0,0.0625,0,0.046875,0,0.046875,0.266667,0.03125,0.0666667,0.0625,0,0.0625,0,0.0625,0,0.0625,0,0.046875,0,0.0625,0,0.046875,0,0.046875,0,0.0625,0,0.0625,0,0.0625,0,0.046875,0,0.0625,0,0.0625,0,0.046875,0,0.046875,0,0.0625,0,0.0625,0,0.0625,0,0.046875,0,0.0625,0,0.03125,0.0666667,0.0625,0,0.0625,0,0.0625,0,0.0625,0,0.0625,0,0.0625,0.866667,0.0625,0,0.0625,0,0.0625,0,0.0625,0,0.0625,0,0.0625,0,0.0625,0,0.0625,0,0.0625,0,0.046875,0,0.0625,0,0.0625,0,0.0625,0,0.046875,0,0.0625,0,0.03125,0.0666667,0.0625,0,0.046875,0,0.078125,0.933333,0.0625,0,0.0625,0,0.0625,0,0.0625,0,0.0625,0,0.0625,0,0.0625,0,0.046875,0.266667,0.046875,0,0.046875,0,0.0625,0,
13,100,2,0.0625,0,0.0625,0,0.0625,0,0.046875,0,0.0625,0,0.0625,0,0.0625,0,0.0625,0,0.0625,0,0.0625,0,0.0625,0,0.046875,0,0.0625,0,0.0625,0,0.0625,0,0.046875,0,0.0625,0,0.0625,0,0.0625,0,0.0625,0,0.0625,0,0.0625,0,0.0625,0,0.0625,0,0.0625,0,0.0625,0,0.046875,0,0.0625,0,0.0625,0,0.0625,0,0.046875,0,0.046875,0,0.0625,0,0.0625,0,0.0625,0,0.046875,0,0.0625,0,0.0625,0,0.0625,0,0.0625,0,0.0625,0,0.0625,0,0.046875,0,0.03125,0.0666667,0.046875,0,0.0625,0,0.046875,0,0.0625,0,0.0625,0,0.046875,0,0.0625,0,0.0625,0,0.0625,0,0.046875,0,0.0625,0,0.0625,0,0.0625,0,0.0625,0,0.0625,0,0.03125,0.0666667,0.0625,0,0.0625,0,0.0625,0,0.046875,0,0.046875,0,0.046875,0,0.0625,0,0.046875,0,0.046875,0,0.046875,0,0.046875,0,0.0625,0,0.046875,0,0.046875,0,0.046875,0,0.0625,0,0.0625,0,0.0625,0,0.0625,0,0.0625,0,0.0625,0,0.0625,0,0.0625,0,0.0625,0,0.0625,0,0.0625,0,0.046875,0,0.046875,0,0.0625,0,0.078125,0.933333,0.03125,0.0666667,0.046875,0.2,0.0625,0,0.046875,0,0.0625,0,0.046875,0,0.0625,0,0.0625,0,0.046875,0,0.046875,0.2,
14,100,2,0.046875,0,0.0625,0,0.0625,0,0.0625,0,0.046875,0,0.0625,0,0.0625,0,0.0625,0,0.0625,0,0.03125,0,0.0625,0,0.046875,0,0.0625,0,0.0625,0,0.0625,0,0.046875,0,0.046875,0,0.0625,0,0.0625,0,0.0625,0,0.0625,0,0.0625,0,0.0625,0,0.0625,0,0.046875,0,0.0625,0,0.0625,0,0.0625,0,0.0625,0,0.046875,0.133333,0.0625,0,0.0625,0,0.0625,1.2647,0.0625,0,0.109375,1.53182,0.046875,0,0.046875,0,0.0625,0.933333,0.0625,0,0.0625,0,0.0625,0,0.078125,0.8,0.0625,0,0.0625,0,0.0625,0,0.0625,0,0.0625,0,0.078125,0.866667,0.0625,0,0.078125,0.8,0.046875,0,0.0625,0,0.0625,0,0.0625,0,0.0625,0,0.0625,0,0.0625,0,0.046875,0.133333,0.03125,0,0.0625,0,0.03125,0.8,0.0625,0,0.0625,0,0.046875,0,0.0625,0,0.0625,0,0.0625,0,0.0625,0.866667,0.03125,0,0.046875,0,0.046875,0,0.0625,0,0.046875,0,0.0625,0,0.0625,0,0.046875,0,0.0625,0,0.0625,0,0.0625,0,0.046875,0,0.0625,0,0.046875,0,0.0625,0,0.046875,0.133333,0.0625,0,0.0625,0,0.0625,0,0.0625,0,0.046875,0,0.046875,0,0.046875,0,0.046875,0,0.046875,0,0.09375,1.29232,0.0625,0,0.0625,0,0.0625,0,0.03125,0,0.0625,0,0.0625,0,
15,100,2,0.0625,0,0.0625,0,0.0625,0,0.046875,0,0.0625,0,0.0625,0,0.0625,0,0.0625,0,0.0625,0,0.0625,0,0.046875,0,0.0625,0,0.0625,0.933333,0.0625,0,0.0625,0,0.0625,0.866667,0.0625,0,0.0625,0,0.0625,0,0.0625,0,0.046875,0.2,0.046875,0,0.0625,0,0.0625,0,0.0625,0,0.03125,0,0.0625,0,0.0625,0,0.03125,0,0.046875,0,0.0625,0,0.0625,0,0.046875,0,0.046875,0,0.0625,0,0.0625,0,0.03125,0,0.046875,0,0.0625,0,0.0625,0,0.0625,0,0.0625,0,0.046875,0,0.046875,0,0.0625,0,0.0625,0,0.0625,0,0.0625,0,0.046875,0,0.0625,0,0.0625,0,0.0625,0,0.03125,0,0.0625,0,0.0625,0,0.0625,0,0.046875,0,0.03125,0,0.0625,0,0.0625,0,0.0625,0,0.0625,0,0.0625,0,0.0625,0,0.046875,0,0.046875,0,0.0625,0,0.0625,0,0.046875,0,0.046875,0,0.0625,0,0.0625,0,0.046875,0,0.0625,0,0.0625,0,0.0625,0,0.0625,0,0.0625,0,0.0625,0,0.0625,0,0.0625,0,0.046875,0,0.046875,0,0.046875,0,0.046875,0,0.046875,0,0.046875,0,0.046875,0,0.0625,0,0.046875,0,0.046875,0,0.046875,0,0.0625,0,0.0625,0,0.0625,0,0.0625,0,0.03125,0,0.0625,0,0.0625,0,0.0625,0,
16,100,2,0.0625,0,0.0625,0,0.0625,0,0.0625,0,0.078125,1.29232,0.046875,0,0.0625,0,0.0625,0,0.0625,0,0.0625,0,0.046875,0,0.046875,0.0666667,0.0625,0,0.0625,0,0.0625,0,0.0625,0,0.0625,0,0.0625,0,0.0625,0,0.0625,0,0.046875,0,0.0625,0,0.046875,0,0.0625,0,0.0625,0,0.0625,0,0.0625,0,0.0625,0,0.0625,0,0.09375,1.07614,0.0625,0,0.0625,0,0.0625,0,0.046875,0,0.03125,0,0.0625,0,0.0625,0,0.046875,0,0.0625,0,0.03125,0,0.0625,0,0.03125,0,0.046875,0.0666667,0.0625,0,0.078125,0.866667,0.0625,0,0.046875,0,0.0625,0,0.0625,0,0.0625,0,0.0625,0,0.0625,0.933333,0.03125,0,0.078125,0.866667,0.0625,0,0.0625,0,0.0625,0,0.078125,0.866667,0.0625,0,0.0625,0,0.046875,0,0.0625,0,0.0625,0,0.03125,0,0.0625,0,0.046875,0.0666667,0.046875,0,0.0625,0,0.046875,0,0.0625,0,0.0625,0,0.046875,0,0.046875,0,0.0625,0,0.0625,0,0.046875,0,0.0625,0,0.0625,0,0.0625,0,0.0625,0,0.0625,0,0.0625,0,0.0625,0,0.0625,0,0.046875,0,0.046875,0,0.0625,0,0.046875,0,0.0625,0,0.0625,0,0.0625,0,0.09375,1.07614,0.0625,0,0.0625,0,0.0625,0,0.046875,0,0.0625,0,0.0625,0,0.0625,0,0.03125,0,
17,100,2,0.046875,0,0.0625,0,0.078125,0.933333,0.0625,0,0.0625,0,0.0625,0,0.0625,0,0.046875,0,0.0625,0,0.0625,0,0.0625,0,0.0625,0,0.0625,0,0.0625,0,0.0625,0,0.03125,0,0.078125,0.866667,0.0625,0,0.0625,0,0.046875,0,0.0625,0,0.046875,0,0.0625,0,0.03125,0,0.046875,0,0.03125,0,0.0625,0,0.0625,0,0.0625,0,0.046875,0,0.0625,0,0.0625,0,0.0625,0,0.078125,0.8,0.046875,0,0.0625,0,0.0625,0,0.046875,0,0.046875,0,0.0625,0,0.0625,0,0.0625,0,0.0625,0,0.0625,0,0.0625,0,0.0625,0,0.0625,0,0.0625,0,0.0625,0,0.0625,0,0.046875,0,0.0625,0,0.0625,0,0.0625,0,0.0625,0,0.0625,0,0.0625,0,0.0625,0,0.0625,0,0.03125,0,0.046875,0,0.046875,0,0.0625,0,0.0625,0,0.078125,1.17042,0.0625,0,0.0625,0,0.0625,0,0.0625,0,0.0625,0,0.0625,0,0.0625,0,0.0625,0,0.0625,0,0.0625,0,0.0625,0,0.0625,0,0.0625,0,0.0625,0,0.0625,0,0.0625,0,0.0625,0,0.0625,0,0.0625,0,0.0625,0,0.0625,0,0.0625,0,0.0625,0,0.0625,0,0.0625,0,0.0625,0,0.046875,0,0.046875,0,0.0625,0,0.0625,0,0.0625,0,0.046875,0,0.0625,0,0.0625,0,0.03125,0,
18,100,2,0.046875,0,0.0625,0,0.0625,0,0.0625,0,0.0625,0,0.0625,0,0.0625,0,0.0625,0,0.046875,0,0.0625,0,0.0625,0,0.0625,0,0.0625,0,0.0625,0,0.046875,0,0.0625,0,0.0625,0,0.0625,0,0.0625,0,0.0625,0,0.0625,0,0.046875,0,0.03125,0,0.046875,0,0.0625,0,0.0625,0,0.0625,0,0.046875,0,0.0625,0,0.0625,0,0.0625,0,0.0625,0,0.046875,0,0.0625,0,0.046875,0,0.0625,0,0.0625,0,0.046875,0,0.046875,0,0.0625,0,0.0625,0,0.0625,0,0.0625,0,0.046875,0,0.046875,0,0.0625,0,0.0625,0,0.046875,0,0.0625,0,0.046875,0,0.0625,0,0.0625,0,0.0625,0,0.046875,0,0.0625,0,0.0625,0,0.0625,0,0.0625,0,0.046875,0,0.03125,0,0.0625,0,0.046875,0,0.0625,0,0.09375,0.954247,0.0625,0,0.0625,0,0.0625,0,0.0625,0,0.0625,0,0.046875,0,0.0625,0,0.0625,0,0.0625,0,0.046875,0,0.046875,0,0.0625,0,0.0625,0,0.0625,0,0.0625,0,0.046875,0,0.046875,0,0.0625,0,0.0625,0,0.046875,0,0.078125,0.866667,0.046875,0,0.046875,0,0.046875,0,0.0625,0,0.0625,0,0.0625,1.17042,0.0625,0,0.046875,0,0.0625,0,0.046875,0,0.0625,0,0.046875,0,0.0625,0,0.03125,0,0.0625,0,
19,100,2,0.0625,0,0.0625,0,0.0625,0,0.0625,0,0.0625,0,0.046875,0,0.0625,0,0.0625,0,0.0625,0,0.0625,0,0.046875,0,0.046875,0,0.0625,0,0.0625,0,0.046875,0,0.0625,0,0.0625,0,0.0625,0,0.078125,0.866667,0.0625,0,0.0625,0,0.0625,0,0.0625,0,0.0625,0,0.0625,0,0.0625,0,0.046875,0,0.09375,1.12663,0.0625,0,0.0625,0,0.078125,1.02091,0.0625,0,0.0625,0,0.046875,0,0.03125,0,0.0625,0,0.0625,0,0.0625,0,0.0625,0,0.0625,0,0.0625,0,0.0625,0,0.0625,0,0.0625,0,0.0625,0,0.0625,0,0.0625,0,0.046875,0,0.0625,0,0.0625,0,0.0625,0,0.0625,0,0.0625,0,0.0625,0,0.0625,0,0.0625,0,0.0625,0,0.0625,0,0.0625,0,0.0625,0,0.0625,0,0.0625,0,0.0625,0,0.0625,0,0.0625,0.866667,0.0625,0,0.0625,0,0.046875,0,0.0625,0,0.0625,0,0.0625,0,0.0625,0,0.0625,0,0.0625,0,0.0625,0,0.0625,0,0.0625,0,0.046875,0,0.0625,0,0.0625,0,0.0625,0,0.046875,0,0.0625,0,0.0625,0,0.0625,0,0.0625,0,0.03125,0,0.0625,0,0.0625,0,0.0625,0,0.0625,0,0.0625,0,0.0625,0,0.0625,0,0.0625,0,0.0625,0,0.0625,0,0.0625,0,0.046875,0,0.0625,0,
20,100,2,0.0625,0,0.0625,0,0.046875,0,0.0625,0,0.0625,0,0.0625,0,0.0625,0,0.0625,0,0.0625,0,0.0625,0,0.078125,1.31993,0.03125,0,0.0625,0,0.0625,0,0.03125,0.8,0.0625,0,0.046875,0.866667,0.0625,0,0.046875,0,0.046875,0,0.0625,0,0.046875,0.933333,0.0625,0,0.0625,0,0.0625,0,0.03125,0,0.03125,0,0.0625,0,0.0625,0,0.0625,0,0.0625,0,0.0625,0,0.03125,0,0.046875,0,0.0625,0,0.046875,0,0.0625,0,0.078125,1.31993,0.0625,0,0.0625,0,0.0625,0,0.0625,0,0.046875,0,0.046875,0,0.0625,0,0.0625,0,0.0625,0,0.0625,0,0.0625,0,0.046875,0,0.0625,0,0.0625,0,0.0625,0,0.0625,0,0.0625,0,0.0625,0,0.046875,0,0.046875,0,0.0625,0,0.0625,0,0.03125,0,0.0625,0,0.046875,0,0.03125,0,0.0625,0,0.046875,0,0.0625,0,0.078125,0.8,0.0625,0,0.046875,0,0.0625,0,0.0625,0,0.078125,1.19804,0.0625,0,0.0625,0,0.046875,0,0.0625,0,0.046875,0,0.0625,0,0.0625,0,0.0625,0,0.0625,0,0.046875,0,0.0625,0,0.0625,0,0.046875,0,0.0625,0,0.03125,0,0.0625,0,0.0625,0,0.0625,0,0.0625,0,0.0625,0,0.0625,0,0.0625,0.866667,0.0625,0,0.0625,0,0.046875,0,0.0625,0,0.046875,0,
21,100,2,0.046875,0,0.046875,0,0.0625,0,0.0625,0,0.046875,0,0.0625,0,0.0625,0,0.078125,0.866667,0.0625,0,0.046875,0,0.03125,0,0.0625,0,0.0625,0,0.046875,0,0.0625,0,0.09375,1.00474,0.03125,0,0.046875,0,0.046875,0,0.078125,0.8,0.0625,0,0.046875,0,0.0625,0,0.0625,0,0.046875,0,0.0625,0,0.046875,0,0.078125,0.866667,0.0625,0,0.046875,0,0.0625,0,0.0625,0,0.0625,0,0.046875,0,0.0625,0,0.0625,0,0.0625,0,0.0625,0,0.0625,0,0.0625,0,0.046875,0,0.0625,0,0.0625,0,0.0625,0,0.0625,0,0.0625,0,0.0625,0,0.0625,0,0.046875,0,0.0625,0,0.0625,0,0.0625,0,0.0625,0,0.0625,0,0.0625,0,0.0625,0,0.0625,0,0.09375,0.832352,0.0625,0,0.046875,0,0.0625,0,0.0625,0,0.0625,0,0.046875,0,0.0625,0,0.0625,0,0.0625,0,0.0625,0,0.0625,0,0.0625,0,0.046875,0,0.0625,0,0.046875,0,0.0625,0,0.0625,0,0.0625,0,0.0625,0,0.0625,0,0.0625,0,0.046875,0,0.046875,0,0.0625,0,0.0625,0,0.0625,0,0.03125,0,0.0625,0,0.0625,0,0.0625,0,0.0625,0,0.0625,0,0.0625,0,0.0625,0,0.0625,0,0.0625,0,0.0625,0,0.03125,0,0.046875,0,0.046875,0,0.0625,0,0.0625,0,
22,100,2,0.0625,0,0.0625,0,0.046875,0,0.0625,0,0.046875,0,0.046875,0,0.0625,0,0.0625,0,0.046875,0,0.0625,0,0.046875,0,0.0625,0,0.0625,0,0.046875,0,0.0625,0,0.0625,0,0.0625,0,0.0625,0,0.0625,0,0.0625,0,0.0625,0,0.0625,0,0.0625,0,0.0625,0,0.03125,0,0.0625,0,0.0625,0,0.0625,0,0.0625,0,0.0625,0,0.0625,0,0.0625,0,0.0625,0,0.046875,0,0.0625,0,0.0625,0,0.03125,0,0.0625,0,0.0625,0,0.0625,0,0.0625,0,0.0625,0,0.0625,0,0.0625,0,0.046875,0,0.046875,0,0.0625,0,0.046875,0,0.0625,0,0.046875,0,0.0625,0,0.0625,0,0.0625,0,0.0625,0,0.0625,0,0.0625,0,0.03125,0,0.046875,0,0.0625,0,0.046875,0,0.0625,0,0.0625,0,0.0625,0,0.078125,0.8,0.0625,0,0.0625,0,0.0625,0,0.0625,0,0.0625,0,0.0625,0,0.0625,0,0.0625,0,0.0625,0,0.0625,0,0.0625,0,0.0625,0,0.0625,0,0.046875,0,0.0625,0,0.0625,0,0.046875,0,0.0625,0,0.0625,0,0.046875,0,0.046875,0,0.0625,0,0.0625,0,0.0625,0,0.046875,0,0.0625,0,0.0625,0,0.046875,0,0.0625,0,0.0625,0,0.0625,0,0.0625,0,0.0625,0,0.0625,0,0.046875,0,0.0625,0,
23,100,2,0.0625,0,0.046875,0,0.0625,0,0.0625,0,0.0625,0,0.0625,0,0.0625,0,0.0625,0,0.0625,0,0.046875,0,0.0625,0,0.0625,0,0.0625,0,0.0625,0,0.0625,0,0.0625,0,0.0625,0,0.0625,0,0.046875,0,0.0625,0,0.0625,0,0.0625,0,0.046875,0,0.0625,0,0.046875,0,0.0625,0,0.046875,0,0.0625,0,0.0625,0,0.03125,0,0.0625,0,0.0625,0.933333,0.0625,0,0.046875,0,0.0625,0,0.046875,0,0.0625,0,0.046875,0,0.0625,0.866667,0.046875,0,0.0625,0,0.0625,0,0.046875,0,0.0625,0,0.0625,0,0.0625,0,0.09375,0.910457,0.0625,0,0.0625,0,0.0625,0,0.0625,0,0.078125,0.666667,0.046875,0,0.0625,0,0.0625,0,0.046875,0,0.0625,0,0.0625,0,0.0625,0,0.03125,0,0.046875,0,0.078125,0.8,0.078125,0.666667,0.0625,0,0.046875,0,0.0625,0,0.046875,0,0.046875,0,0.0625,0,0.0625,0,0.0625,0,0.0625,0,0.0625,0,0.046875,0,0.046875,0,0.0625,0,0.0625,0,0.046875,0,0.046875,0,0.046875,0,0.0625,0,0.0625,0,0.03125,0,0.0625,0,0.078125,0.933333,0.0625,0,0.0625,0,0.046875,0,0.0625,0,0.0625,0,0.0625,0,0.046875,0,0.0625,0,0.0625,0,0.0625,0,0.046875,0,0.0625,0,0.046875,0,0.078125,0.8,0.0625,0,
24,100,2,0.0625,0,0.0625,0,0.0625,0,0.09375,1.50421,0.0625,0,0.03125,0,0.046875,0,0.0625,0,0.0625,0,0.0625,0,0.0625,0,0.0625,0,0.0625,0,0.046875,0,0.046875,0,0.0625,0,0.0625,0,0.0625,0,0.09375,0.816176,0.046875,0,0.0625,0,0.0625,0,0.0625,0,0.0625,0,0.0625,0,0.0625,0,0.0625,0,0.0625,0,0.0625,0,0.046875,0,0.0625,0,0.0625,0,0.0625,0,0.046875,0,0.046875,0,0.03125,0,0.0625,0,0.0625,0,0.046875,0,0.0625,0,0.0625,0,0.0625,0,0.0625,0,0.0625,0,0.046875,0,0.0625,0,0.0625,0,0.046875,0,0.0625,0,0.0625,0,0.046875,0,0.046875,0,0.046875,0,0.0625,0,0.046875,0,0.0625,0,0.0625,0,0.0625,0,0.0625,0,0.0625,0,0.046875,0,0.09375,1.15425,0.0625,0,0.046875,0,0.09375,1.18186,0.0625,0,0.0625,0,0.0625,0,0.078125,0.8,0.0625,0,0.0625,0,0.0625,0,0.0625,0,0.046875,0,0.0625,0,0.0625,0,0.0625,0,0.078125,1.2647,0.0625,0,0.0625,0,0.0625,0,0.046875,0,0.046875,0,0.046875,0,0.046875,0.866667,0.0625,0,0.0625,0,0.03125,0,0.078125,0.666667,0.03125,0,0.046875,0,0.0625,0,0.0625,0,0.0625,0,0.0625,0,0.0625,0,0.046875,0,0.046875,0,0.0625,0,0.0625,0,
25,100,2,0.0625,0,0.0625,0,0.0625,0,0.0625,0,0.0625,0.866667,0.0625,0,0.0625,0.933333,0.0625,0,0.0625,0,0.0625,0,0.0625,0,0.0625,0,0.0625,0,0.0625,0,0.0625,0,0.046875,0,0.0625,0,0.0625,0,0.046875,0,0.0625,0,0.0625,0,0.0625,0,0.046875,0,0.046875,0,0.0625,0,0.0625,0,0.03125,0,0.0625,0,0.046875,0,0.0625,0,0.0625,0,0.0625,0,0.0625,0,0.0625,0,0.0625,0,0.0625,0,0.0625,0,0.0625,0,0.0625,0,0.0625,0,0.046875,0,0.0625,0,0.0625,0,0.0625,0,0.0625,0,0.0625,0,0.0625,0.666667,0.046875,0,0.0625,0,0.046875,0,0.046875,0,0.0625,0,0.046875,0,0.046875,0,0.0625,0,0.046875,0,0.0625,0,0.0625,0,0.0625,0,0.0625,0,0.0625,0,0.0625,0,0.0625,0,0.0625,0,0.046875,0,0.09375,1.18186,0.0625,0,0.0625,0,0.0625,0,0.046875,0,0.0625,0,0.0625,0,0.078125,0.866667,0.0625,0,0.0625,0,0.046875,0,0.0625,0,0.0625,0,0.0625,0,0.0625,0,0.0625,0.666667,0.0625,0,0.0625,0.666667,0.0625,0,0.0625,0,0.0625,0,0.046875,0,0.0625,0,0.078125,0.866667,0.0625,0,0.03125,0,0.0625,0,0.0625,0,0.0625,0,0.0625,0,0.046875,0,0.0625,0,0.046875,0,0.0625,0,0.0625,0,
26,100,2,0.0625,0,0.0625,0,0.0625,0,0.0625,0,0.0625,0,0.0625,0,0.0625,0,0.0625,0,0.0625,0,0.0625,0,0.0625,0,0.0625,0,0.0625,0,0.0625,0,0.03125,0,0.0625,0,0.0625,0,0.046875,0,0.078125,0.8,0.0625,0,0.03125,0,0.0625,0,0.0625,0,0.0625,0,0.0625,0,0.046875,0,0.0625,0,0.0625,0,0.046875,0,0.0625,0,0.0625,0,0.0625,0,0.046875,0,0.046875,0,0.0625,0,0.0625,0,0.0625,0,0.0625,0,0.0625,0,0.0625,0,0.0625,0,0.03125,0,0.046875,0,0.0625,0,0.046875,0,0.0625,0,0.0625,0,0.078125,0.666667,0.0625,0,0.0625,0,0.0625,0,0.0625,0,0.078125,0.733333,0.046875,0,0.0625,0,0.0625,0,0.0625,0,0.0625,0,0.0625,0,0.0625,0,0.046875,0,0.0625,0,0.0625,0,0.0625,0,0.078125,0.733333,0.0625,0,0.046875,0,0.046875,0,0.0625,0,0.0625,0,0.0625,0,0.0625,0,0.0625,0,0.0625,0,0.0625,0,0.0625,0,0.0625,0,0.0625,0,0.046875,0,0.0625,0,0.0625,0,0.0625,0,0.046875,0,0.046875,0,0.046875,0,0.078125,0.666667,0.0625,0,0.046875,0,0.0625,0,0.0625,0,0.046875,0,0.09375,0.694281,0.0625,0,0.0625,0,0.046875,0,0.046875,0,0.0625,0,0.09375,1.05997,0.0625,0,0.078125,0.666667,
27,100,2,0.0625,0,0.046875,0,0.0625,0,0.0625,0,0.0625,0,0.078125,0.533333,0.0625,0,0.0625,0,0.0625,0,0.0625,0,0.0625,0,0.0625,0,0.0625,0,0.0625,0,0.0625,0,0.0625,0,0.0625,1.15425,0.03125,0,0.046875,0,0.09375,0.6,0.0625,0,0.078125,0.533333,0.0625,0.866667,0.109375,1.2647,0.0625,0,0.0625,0,0.0625,0,0.0625,0,0.0625,0,0.0625,0,0.078125,0.733333,0.0625,0,0.0625,0,0.0625,0,0.0625,0,0.0625,0,0.0625,0,0.0625,0,0.0625,0,0.0625,0,0.0625,0,0.0625,0,0.0625,0,0.0625,0,0.0625,0,0.0625,0,0.046875,0,0.046875,0,0.0625,0,0.0625,0,0.0625,0,0.0625,0,0.0625,0,0.0625,0,0.0625,0,0.0625,0,0.0625,0,0.0625,0,0.0625,0,0.0625,0,0.0625,0,0.0625,0,0.0625,0,0.0625,0,0.0625,0,0.0625,0,0.046875,0,0.0625,0,0.0625,0,0.0625,0,0.046875,0,0.03125,0,0.0625,0,0.0625,0,0.0625,0,0.03125,0,0.078125,0.533333,0.0625,0,0.0625,0,0.046875,0,0.0625,0,0.0625,0,0.0625,0,0.0625,0,0.0625,0,0.09375,0.6,0.0625,0,0.0625,0,0.0625,0,0.0625,0,0.0625,0,0.078125,0.866667,0.0625,0,0.0625,0,0.0625,0,0.03125,0,0.046875,0,0.0625,0,0.0625,0,0.0625,0,
28,100,2,0.0625,0,0.0625,0.8,0.046875,0,0.0625,0,0.09375,0.721895,0.0625,0,0.0625,0,0.0625,0,0.046875,0,0.046875,0,0.0625,0,0.046875,0,0.0625,0,0.0625,0,0.0625,0,0.046875,0,0.0625,0,0.046875,0,0.078125,0.8,0.078125,1.14281,0.0625,0,0.0625,0,0.0625,0,0.0625,0,0.046875,0,0.0625,0,0.0625,0,0.0625,0,0.0625,0,0.0625,0,0.0625,0,0.0625,0,0.0625,0,0.0625,0,0.0625,0,0.0625,0,0.0625,0,0.0625,0,0.0625,0,0.046875,0,0.0625,0,0.0625,0,0.0625,0,0.0625,0,0.046875,0,0.0625,0,0.0625,0,0.0625,0,0.0625,0,0.0625,0,0.0625,0,0.0625,0,0.0625,0,0.0625,0,0.0625,0,0.0625,0,0.0625,0,0.0625,0,0.0625,0,0.0625,0,0.0625,0,0.0625,0,0.0625,0,0.0625,0,0.0625,0,0.0625,0,0.046875,0,0.0625,0,0.046875,0,0.0625,0,0.078125,0.866667,0.078125,0.666667,0.0625,0,0.0625,0,0.0625,0,0.046875,0,0.046875,0,0.0625,0,0.0625,0,0.0625,0,0.046875,0,0.09375,0.788562,0.0625,0,0.0625,0,0.0625,0,0.046875,0,0.0625,0,0.0625,0,0.0625,0.8,0.046875,0,0.0625,0,0.0625,0,0.0625,0,0.046875,0,0.0625,0,0.0625,0,0.0625,0,0.0625,0,0.046875,0,0.0625,0,
29,100,2,0.0625,0.866667,0.0625,0,0.0625,0,0.0625,0,0.046875,0,0.0625,0,0.0625,0,0.0625,0.866667,0.078125,1.04853,0.078125,0.533333,0.046875,0,0.0625,0,0.078125,0.533333,0.0625,0,0.0625,0,0.046875,0,0.046875,0,0.0625,0,0.0625,0,0.0625,0,0.0625,0,0.078125,0.533333,0.0625,0,0.0625,0,0.0625,0.6,0.0625,0,0.0625,0,0.0625,0,0.0625,0,0.046875,0,0.0625,0,0.0625,0,0.0625,0,0.0625,0,0.0625,0,0.0625,0,0.0625,0,0.0625,0,0.046875,0,0.078125,1.04853,0.0625,0,0.078125,0.666667,0.0625,0,0.046875,0,0.046875,0,0.0625,0,0.0625,0,0.0625,0,0.0625,0,0.046875,0,0.046875,0,0.0625,0,0.0625,0,0.0625,0,0.0625,0,0.0625,0,0.0625,0.6,0.078125,0.666667,0.0625,0,0.0625,0,0.0625,0,0.078125,0.866667,0.046875,0,0.03125,0,0.0625,0,0.0625,0,0.0625,0,0.0625,0,0.0625,0,0.0625,0,0.109375,1.17042,0.046875,0,0.0625,0,0.046875,0,0.046875,0,0.0625,0,0.0625,0,0.0625,0,0.046875,0,0.0625,0,0.0625,0,0.0625,0,0.0625,0,0.0625,0,0.0625,0,0.0625,0,0.0625,0,0.0625,0,0.0625,0,0.0625,0,0.03125,0,0.0625,0,0.0625,0,0.046875,0,0.0625,0,0.0625,0,0.0625,0,0.0625,0,0.0625,0,0.0625,0,
30,100,2,0.0625,0,0.078125,0.866667,0.0625,0,0.0625,0,0.046875,0,0.03125,0,0.0625,0,0.078125,0.333333,0.0625,0,0.0625,0,0.046875,0,0.046875,0,0.0625,0,0.078125,0.8,0.0625,0,0.0625,0,0.046875,0,0.0625,0,0.046875,0,0.0625,0,0.046875,0,0.0625,0,0.0625,0,0.0625,0,0.0625,0,0.0625,0,0.0625,0,0.046875,0,0.0625,0,0.0625,0,0.0625,0,0.0625,0,0.0625,0,0.0625,0,0.09375,0.733333,0.0625,0,0.078125,0.8,0.046875,0,0.0625,0,0.0625,0,0.0625,0,0.0625,0,0.0625,0,0.0625,0,0.078125,0.333333,0.046875,0,0.0625,0,0.0625,0,0.0625,0,0.0625,0,0.09375,1.23709,0.0625,0,0.0625,0,0.0625,0,0.0625,0,0.0625,0,0.046875,0,0.0625,0,0.0625,0,0.0625,0,0.046875,0,0.0625,0,0.078125,0.333333,0.0625,0,0.046875,0,0.0625,0.866667,0.078125,0.666667,0.046875,0,0.0625,0,0.0625,0,0.0625,0,0.0625,0,0.078125,1.2647,0.0625,0,0.046875,0,0.078125,0.666667,0.0625,0,0.0625,0,0.09375,0.733333,0.0625,0,0.0625,0,0.0625,0,0.046875,0,0.0625,0,0.0625,0,0.0625,0,0.0625,0,0.046875,0,0.0625,0,0.0625,0,0.09375,0.6,0.0625,0,0.0625,0,0.078125,0.333333,0.0625,0,0.046875,0,0.0625,0,0.0625,0,0.0625,0,0.0625,0,
31,100,2,0.078125,0.2,0.078125,0.866667,0.0625,0,0.0625,0,0.078125,0.666667,0.0625,0,0.0625,0,0.0625,0,0.0625,0,0.078125,0.666667,0.0625,0,0.0625,0,0.0625,0.933333,0.0625,0,0.0625,0,0.0625,0,0.078125,0.666667,0.078125,0.2,0.0625,0,0.0625,0,0.046875,0,0.078125,0.2,0.0625,0,0.0625,0,0.0625,0,0.0625,0,0.0625,0,0.078125,0.733333,0.0625,0,0.046875,0,0.046875,0,0.0625,0,0.046875,0,0.078125,0.666667,0.0625,0,0.0625,0,0.09375,0.666667,0.0625,0,0.0625,0.733333,0.046875,0,0.0625,0,0.0625,0.8,0.0625,0,0.0625,0,0.0625,0,0.0625,0,0.0625,0,0.0625,0,0.078125,1.01618,0.0625,0,0.0625,0,0.0625,0,0.0625,0,0.0625,0,0.0625,0.8,0.0625,0,0.046875,0,0.0625,0,0.0625,0,0.0625,0,0.0625,0,0.0625,0,0.078125,0.733333,0.0625,0,0.0625,0,0.0625,0,0.0625,0,0.0625,0,0.046875,0,0.0625,0,0.0625,0,0.0625,0,0.0625,0,0.0625,0,0.0625,0,0.046875,0,0.0625,0,0.0625,0.8,0.0625,0.6,0.046875,0,0.0625,0.733333,0.0625,0,0.0625,0,0.0625,0,0.078125,0.2,0.09375,0.533333,0.0625,0,0.0625,0,0.0625,0,0.078125,0.666667,0.078125,0.2,0.0625,0,0.0625,0,0.0625,0,0.078125,0.788562,0.046875,0,0.0625,0,0.046875,0,0.109375,0.9933,0.0625,0,
32,100,2,0.0625,0,0.0625,0,0.0625,0,0.0625,0,0.046875,0,0.046875,0,0.0625,0,0.0625,0.6,0.0625,0,0.0625,0,0.046875,0,0.078125,0.6,0.046875,0,0.0625,0,0.0625,0,0.078125,0,0.0625,0.6,0.0625,0,0.046875,0,0.09375,0.666667,0.0625,0,0.0625,0,0.0625,0,0.0625,0,0.0625,0,0.078125,0.4,0.109375,1.2647,0.0625,0,0.046875,0,0.0625,0,0.0625,0,0.0625,0,0.046875,0,0.0625,0,0.078125,0,0.078125,0,0.046875,0,0.0625,0,0.046875,0,0.0625,0,0.0625,0,0.0625,0,0.0625,0,0.0625,0,0.09375,0.866667,0.0625,0,0.0625,0,0.0625,0,0.0625,0,0.078125,0.4,0.0625,0,0.078125,0.666667,0.0625,0,0.0625,0,0.046875,0,0.0625,0,0.078125,0,0.0625,0,0.0625,0,0.0625,0,0.0625,0,0.078125,0.4,0.078125,0.4,0.0625,0,0.0625,0,0.078125,0.4,0.078125,0.6,0.078125,0.733333,0.0625,0,0.0625,0.733333,0.0625,0.6,0.0625,0,0.0625,0,0.0625,0,0.078125,0,0.046875,0,0.0625,0,0.0625,0,0.078125,0.733333,0.0625,0,0.046875,0,0.078125,0.6,0.046875,0,0.0625,0,0.0625,0,0.0625,0,0.078125,0.4,0.0625,0,0.0625,0,0.0625,0,0.0625,0,0.078125,0,0.078125,0.666667,0.078125,0,0.0625,0,0.0625,0,0.078125,0,0.046875,0,0.0625,0,0.046875,0,
33,100,2,0.0625,0,0.078125,0.333333,0.0625,0,0.0625,0,0.078125,0,0.078125,0.333333,0.0625,0,0.0625,0,0.0625,0,0.078125,0,0.046875,0,0.078125,0.4,0.0625,0,0.0625,0,0.0625,0,0.078125,0.4,0.0625,0,0.0625,0,0.0625,0,0.046875,0,0.0625,0,0.0625,0.466667,0.0625,0,0.0625,0,0.109375,1.09902,0.0625,0,0.09375,0.466667,0.09375,0.4,0.0625,0,0.046875,0,0.046875,0,0.046875,0,0.046875,0,0.09375,0.466667,0.078125,1.31993,0.046875,0,0.0625,0,0.078125,0.4,0.046875,0,0.046875,0,0.0625,0,0.0625,0,0.046875,0,0.0625,0.666667,0.078125,0.960948,0.0625,0,0.0625,0,0.078125,0.333333,0.0625,0,0.0625,0,0.0625,0,0.078125,0.910457,0.046875,0,0.078125,0.4,0.0625,0,0.0625,0,0.0625,0,0.046875,0,0.046875,0,0.0625,0,0.0625,0,0.0625,0.466667,0.0625,0.466667,0.0625,0,0.046875,0,0.0625,0,0.078125,0,0.078125,0,0.0625,0,0.0625,0,0.046875,0,0.0625,0,0.0625,0,0.09375,0.4,0.046875,0,0.046875,0,0.078125,0.4,0.0625,0,0.046875,0,0.0625,0,0.0625,0.866667,0.046875,0,0.078125,0.333333,0.0625,0,0.0625,0,0.0625,0,0.109375,0.788562,0.0625,0,0.078125,0.333333,0.078125,0,0.0625,0,0.0625,0.466667,0.0625,0,0.0625,0,0.0625,0.666667,0.078125,0,0.09375,0.4,0.046875,0,0.0625,0,0.09375,0.4,
34,100,2,0.078125,0,0.0625,0,0.0625,0,0.046875,0,0.0625,0,0.0625,0,0.078125,0,0.03125,0.8,0.0625,0.466667,0.046875,0,0.0625,0,0.0625,0,0.0625,0,0.0625,0,0.0625,0,0.078125,0,0.078125,0,0.078125,0.733333,0.0625,0,0.0625,0,0.0625,0,0.0625,0,0.09375,0.333333,0.078125,0.855228,0.0625,0,0.046875,0,0.0625,0,0.0625,0,0.0625,0,0.0625,0,0.0625,0.466667,0.0625,0,0.078125,0.866667,0.046875,0,0.078125,0.666667,0.0625,0,0.078125,0,0.09375,0.333333,0.046875,0,0.0625,0,0.09375,0.988562,0.0625,0,0.0625,0,0.0625,0,0.0625,0,0.09375,0.333333,0.0625,0,0.046875,0,0.0625,0.466667,0.078125,0,0.0625,0,0.078125,0,0.0625,0,0.0625,0,0.09375,0.333333,0.078125,0,0.046875,0,0.0625,0,0.0625,0,0.0625,0,0.046875,0,0.046875,0,0.078125,0,0.09375,0.333333,0.078125,0,0.078125,0,0.0625,0,0.0625,0,0.0625,0,0.0625,0,0.0625,0,0.0625,0,0.046875,0,0.078125,0,0.0625,0.466667,0.0625,0,0.09375,0.333333,0.09375,0.333333,0.046875,0,0.0625,0.533333,0.046875,0,0.0625,0,0.0625,0,0.0625,0,0.046875,0,0.0625,0,0.0625,0,0.078125,0,0.0625,0,0.046875,0,0.0625,0,0.0625,0,0.0625,0,0.046875,0,0.0625,0,0.0625,0,0.078125,0.533333,0.0625,0,0.0625,0,0.0625,0,
35,100,2,0.0625,0,0.0625,0,0.0625,0,0.0625,0.466667,0.0625,0,0.046875,0,0.0625,0,0.0625,0,0.0625,0,0.078125,0,0.0625,0,0.09375,0.933333,0.09375,1.44707,0.078125,0,0.0625,0,0.046875,0,0.0625,0,0.078125,0,0.0625,0,0.0625,0,0.046875,0,0.0625,0.466667,0.0625,0,0.078125,0,0.0625,0,0.078125,0,0.09375,0.2,0.0625,0,0.0625,0,0.0625,0,0.046875,0,0.09375,0.733333,0.0625,0,0.078125,0,0.0625,0,0.078125,1.31351,0.0625,0,0.046875,0,0.0625,0,0.0625,0,0.078125,0,0.0625,0,0.046875,0,0.078125,0,0.0625,0,0.078125,0,0.078125,0,0.0625,0,0.078125,0,0.078125,0,0.09375,0.2,0.0625,0,0.0625,0,0.078125,0,0.09375,0.733333,0.0625,0,0.09375,1.0714,0.0625,0,0.046875,0,0.09375,1.18186,0.046875,0,0.0625,0,0.0625,0,0.0625,0,0.0625,0,0.0625,0,0.0625,0,0.046875,0,0.09375,0.2,0.046875,0,0.0625,0,0.078125,0.4,0.0625,0,0.046875,0,0.078125,0,0.0625,0,0.0625,0,0.0625,0,0.0625,0,0.0625,0,0.0625,0,0.03125,0,0.09375,0.333333,0.0625,0,0.078125,0,0.078125,0,0.0625,0,0.078125,0.4,0.0625,0,0.046875,0,0.078125,0.666667,0.046875,0,0.0625,0,0.09375,0.333333,0.046875,0,0.0625,0,0.078125,0,0.0625,0,0.0625,0,0.078125,0.4,
36,100,2,0.0625,0,0.0625,0,0.078125,0,0.0625,0,0.0625,0,0.0625,0,0.078125,0,0.0625,0,0.0625,0,0.078125,0,0.046875,0,0.078125,0.8,0.109375,0.866667,0.0625,0,0.0625,0,0.0625,0,0.0625,0,0.109375,0.6,0.0625,0,0.0625,0,0.0625,0,0.046875,0,0.0625,0,0.0625,0,0.078125,0,0.046875,0,0.078125,0,0.09375,0.666667,0.078125,0,0.09375,0.133333,0.0625,0,0.0625,0,0.0625,0,0.0625,0,0.0625,0,0.09375,0.333333,0.0625,0,0.0625,0,0.0625,0.333333,0.078125,0,0.0625,0.333333,0.078125,0.2,0.0625,0.333333,0.0625,0,0.078125,0,0.0625,0,0.078125,0.733333,0.0625,0,0.0625,0,0.0625,0,0.0625,0,0.0625,0,0.046875,0,0.0625,0.533333,0.0625,0,0.078125,0,0.0625,0,0.078125,0,0.078125,0.2,0.0625,0,0.0625,0,0.0625,0,0.078125,0,0.0625,0,0.0625,0,0.078125,0.6,0.078125,0,0.0625,0,0.0625,0,0.078125,0,0.078125,0,0.0625,0,0.078125,0.2,0.0625,0,0.0625,0,0.0625,0,0.0625,0,0.046875,0,0.0625,0,0.078125,0.2,0.078125,0,0.109375,0.6,0.0625,0,0.078125,0,0.0625,0,0.0625,0,0.0625,0,0.09375,0.988562,0.046875,0,0.09375,0.133333,0.0625,0,0.046875,0,0.046875,0,0.046875,0,0.046875,0,0.109375,0.6,0.046875,0,0.046875,0,0.0625,0,0.0625,0,
37,100,2,0.0625,0,0.0625,0,0.078125,0,0.0625,0,0.0625,0,0.0625,0.333333,0.078125,0,0.0625,0,0.0625,0,0.078125,0,0.0625,0,0.0625,0,0.09375,0.266667,0.109375,0.533333,0.078125,0.733333,0.0625,0,0.0625,0,0.0625,0,0.0625,0,0.0625,0,0.0625,0,0.0625,0,0.046875,0,0.0625,0,0.078125,0,0.078125,0,0.078125,0,0.0625,0,0.0625,0,0.078125,0.733333,0.046875,0,0.0625,0,0.046875,0,0.0625,0,0.078125,0,0.0625,0,0.0625,0.4,0.078125,0,0.078125,0,0.0625,0,0.0625,0,0.0625,0,0.078125,0,0.0625,0,0.109375,0.533333,0.0625,0,0.078125,0,0.0625,0,0.078125,0,0.0625,0,0.0625,0,0.078125,0,0.0625,0,0.0625,0,0.078125,0.921895,0.046875,0,0.109375,0.533333,0.078125,0,0.078125,0,0.0625,0,0.09375,0.266667,0.078125,0,0.0625,0,0.0625,0,0.046875,0,0.0625,0.4,0.0625,0,0.046875,0,0.0625,0,0.078125,0.733333,0.078125,0,0.0625,0,0.078125,0.733333,0.046875,0,0.0625,0,0.0625,0.4,0.078125,0,0.09375,0.2,0.0625,0,0.0625,0,0.046875,0,0.0625,0,0.0625,0,0.0625,0,0.078125,1.20948,0.046875,0,0.0625,0,0.0625,0,0.078125,0,0.0625,0.933333,0.078125,0,0.09375,0.866667,0.0625,0,0.0625,0,0.078125,0,0.0625,0,0.078125,0,0.0625,0,0.078125,0,0.0625,0,
38,100,2,0.078125,0,0.078125,0.760948,0.0625,0,0.03125,0,0.0625,0,0.046875,0,0.0625,0,0.0625,0,0.0625,0,0.078125,0,0.0625,0.2,0.078125,0,0.0625,0,0.046875,0,0.0625,0,0.0625,0,0.109375,1.29232,0.0625,0,0.0625,0,0.09375,0.866667,0.09375,0.866667,0.09375,0.133333,0.0625,0,0.0625,0,0.0625,0,0.078125,0,0.0625,0,0.078125,0,0.078125,0,0.078125,0,0.078125,0,0.078125,0,0.09375,0.133333,0.0625,0,0.0625,0,0.078125,0,0.0625,0,0.078125,0,0.0625,0,0.0625,0,0.046875,0,0.078125,0,0.046875,0,0.078125,0,0.0625,0,0.0625,0,0.125,1.2647,0.0625,0,0.0625,0,0.078125,0,0.09375,0.933333,0.0625,0,0.0625,0,0.078125,0,0.0625,0,0.078125,0,0.078125,0,0.0625,0,0.078125,0,0.0625,0,0.078125,0,0.0625,0,0.0625,0.2,0.078125,0,0.0625,0,0.0625,0,0.078125,0,0.0625,0,0.078125,0,0.09375,0.133333,0.0625,0,0.0625,0,0.0625,0,0.0625,0,0.0625,0,0.078125,0.733333,0.078125,0,0.078125,0,0.078125,0,0.0625,0,0.0625,0,0.078125,0.866667,0.0625,0,0.0625,0,0.078125,0,0.078125,0,0.078125,0,0.078125,0,0.09375,0.133333,0.078125,0.733333,0.0625,0,0.078125,0,0.046875,0,0.0625,0,0.0625,0,0.09375,0.933333,0.09375,0.133333,0.078125,0,0.078125,0,0.0625,0.466667,
39,100,2,0.0625,0,0.0625,0,0.046875,0,0.078125,0,0.078125,0,0.078125,0,0.0625,0,0.0625,0,0.09375,0.2,0.0625,0,0.09375,0.2,0.046875,0,0.078125,0,0.078125,0,0.0625,0,0.0625,0.133333,0.0625,0.0666667,0.0625,0.0666667,0.0625,0,0.0625,0.0666667,0.0625,0,0.078125,0,0.0625,0,0.078125,0,0.0625,0,0.046875,0,0.0625,0,0.0625,0,0.078125,0,0.0625,0,0.046875,0,0.0625,0,0.078125,0,0.078125,0,0.0625,0,0.0625,0,0.046875,0,0.0625,0,0.0625,0,0.0625,0,0.0625,0,0.0625,0,0.0625,0,0.078125,0.666667,0.0625,0,0.078125,0,0.109375,0.6,0.046875,0,0.078125,0.533333,0.078125,0,0.0625,0,0.0625,0,0.0625,0,0.0625,0,0.078125,0,0.078125,0,0.0625,0,0.078125,0.666667,0.09375,0.866667,0.078125,0,0.0625,0,0.078125,0,0.046875,0,0.0625,0,0.0625,0,0.0625,0,0.0625,0.0666667,0.078125,0,0.0625,0,0.0625,0,0.0625,0.0666667,0.046875,0,0.09375,0.6,0.0625,0,0.0625,0.133333,0.0625,0,0.0625,0.133333,0.0625,0,0.0625,0,0.0625,0,0.046875,0,0.0625,0,0.0625,0,0.0625,0,0.09375,0.866667,0.078125,0,0.0625,0,0.078125,0,0.078125,0,0.078125,0,0.0625,0,0.078125,0,0.09375,0.2,0.0625,0.0666667,0.0625,0,0.046875,0,0.046875,0,0.078125,0,0.078125,0,0.078125,0.533333,
40,100,2,0.0625,0,0.078125,0,0.09375,0.0666667,0.046875,0,0.09375,0.0666667,0.0625,0,0.046875,0,0.078125,0.8,0.046875,0,0.078125,0,0.078125,0,0.046875,0,0.0625,0,0.0625,0,0.078125,0,0.0625,0,0.046875,0,0.109375,0.466667,0.078125,0,0.078125,0,0.0625,0,0.046875,0,0.09375,0.0666667,0.0625,0,0.09375,0.533333,0.09375,1.12663,0.0625,0,0.09375,0.0666667,0.046875,0,0.0625,0,0.0625,0,0.0625,0,0.0625,0,0.046875,0,0.0625,0,0.078125,0,0.109375,0.466667,0.0625,0,0.0625,0,0.0625,0,0.0625,0,0.0625,0,0.078125,0,0.0625,0,0.0625,0,0.0625,0,0.078125,0,0.078125,0,0.0625,0,0.078125,0,0.0625,0,0.0625,0,0.046875,0,0.078125,0.533333,0.078125,0,0.0625,0,0.078125,0,0.046875,0,0.0625,0,0.078125,0,0.0625,0,0.0625,0,0.09375,0.0666667,0.0625,0,0.046875,0,0.078125,0,0.0625,0,0.0625,0,0.0625,0,0.078125,0,0.0625,0.866667,0.078125,0,0.078125,0,0.046875,0,0.0625,0,0.0625,0,0.078125,0,0.0625,0,0.109375,0.466667,0.078125,0,0.046875,0,0.0625,0,0.078125,0,0.0625,0,0.078125,0,0.078125,0,0.09375,1.22565,0.0625,0,0.046875,0,0.078125,0,0.0625,0,0.046875,0,0.0625,0,0.0625,0,0.078125,0,0.0625,0,0.078125,0,0.0625,0,0.046875,0,0.0625,0,
41,100,2,0.078125,0,0.078125,0,0.078125,0,0.078125,0,0.0625,0,0.0625,0,0.0625,0,0.046875,0,0.03125,0.8,0.0625,0,0.0625,0,0.078125,0,0.09375,0,0.078125,0,0.0625,0,0.078125,0,0.09375,0,0.0625,0,0.078125,0,0.0625,0,0.0625,0,0.0625,0,0.078125,0,0.0625,0,0.0625,0,0.0625,0,0.078125,0,0.078125,0,0.0625,0,0.078125,0,0.0625,0,0.0625,0,0.0625,0,0.0625,0,0.0625,0,0.0625,0,0.0625,0,0.09375,0.733333,0.0625,0,0.0625,0,0.078125,0,0.046875,0,0.0625,0,0.0625,0,0.078125,0,0.0625,0,0.0625,0,0.0625,0,0.078125,0,0.0625,0,0.078125,0,0.046875,0,0.0625,0,0.0625,0,0.09375,0,0.0625,0,0.0625,0,0.0625,0,0.078125,0,0.0625,0,0.0625,0,0.109375,1.18519,0.0625,0,0.109375,0.466667,0.0625,0,0.046875,0,0.0625,0,0.046875,0,0.0625,0,0.0625,0,0.09375,0,0.046875,0,0.0625,0,0.0625,0,0.078125,0,0.0625,0,0.0625,0,0.0625,0,0.078125,0,0.078125,0,0.0625,0,0.046875,0,0.046875,0,0.078125,0.533333,0.0625,0,0.0625,0,0.0625,0,0.078125,0,0.0625,0,0.078125,0,0.0625,0,0.109375,0.933333,0.0625,0,0.078125,0,0.0625,0,0.046875,0,0.0625,0,0.0625,0,0.0625,0,0.09375,0.733333,
42,100,2,0.0625,0,0.0625,0,0.078125,0,0.0625,0,0.078125,0,0.0625,0,0.0625,0,0.0625,0,0.0625,0,0.0625,0,0.078125,0,0.046875,0,0.046875,0,0.078125,0,0.078125,0,0.078125,0,0.0625,0,0.078125,0,0.0625,0,0.046875,0,0.109375,0.4,0.09375,0,0.078125,0,0.0625,0,0.046875,0,0.046875,0,0.0625,0,0.09375,0.466667,0.0625,0,0.046875,0,0.078125,0,0.0625,0,0.0625,0,0.078125,0.333333,0.0625,0,0.0625,0,0.0625,0,0.078125,0,0.0625,0,0.078125,0,0.0625,0,0.046875,0,0.078125,0,0.078125,0,0.078125,0.333333,0.078125,0,0.078125,0,0.078125,0.333333,0.078125,0,0.078125,0,0.09375,0.933333,0.0625,0,0.09375,0.866667,0.0625,0.933333,0.109375,0.4,0.0625,0,0.078125,0,0.046875,0,0.0625,0,0.0625,0,0.0625,0,0.046875,0,0.078125,0,0.0625,0,0.078125,0,0.0625,0,0.0625,0,0.078125,0,0.078125,0.333333,0.0625,0,0.0625,0,0.078125,0,0.0625,0,0.046875,0,0.0625,0,0.0625,0,0.09375,0,0.0625,0,0.078125,0,0.0625,0,0.046875,0,0.046875,0,0.0625,0,0.078125,0,0.0625,0,0.09375,0.866667,0.0625,0,0.0625,0,0.0625,0,0.0625,0,0.0625,0,0.09375,0.466667,0.078125,0,0.09375,0,0.046875,0,0.046875,0,0.078125,0,0.078125,0,0.0625,0,0.078125,0,
43,100,2,0.09375,0.466667,0.0625,0,0.0625,0,0.0625,0,0.078125,0,0.078125,0,0.0625,0,0.078125,0,0.0625,0,0.0625,0,0.078125,0,0.0625,0,0.0625,0,0.0625,0,0.09375,0,0.078125,0.333333,0.0625,0,0.078125,0,0.0625,0,0.109375,1.29232,0.0625,0,0.0625,0,0.046875,0,0.0625,0,0.046875,0,0.078125,0,0.0625,0,0.109375,0.733333,0.078125,0,0.046875,0,0.0625,0,0.0625,0,0.09375,0,0.0625,0,0.046875,0,0.0625,0,0.0625,0,0.0625,0,0.046875,0,0.0625,0,0.078125,0,0.0625,0,0.0625,0,0.0625,0,0.078125,0,0.078125,0,0.0625,0,0.109375,0.733333,0.046875,0,0.078125,0,0.09375,0.866667,0.078125,0.733333,0.078125,0,0.0625,0,0.0625,0,0.078125,0,0.046875,0,0.078125,0,0.09375,0,0.078125,0,0.078125,0,0.0625,0,0.0625,0,0.078125,0,0.078125,0,0.09375,0.866667,0.046875,0,0.09375,0,0.0625,0,0.0625,0,0.0625,0,0.0625,0,0.0625,0,0.0625,0,0.0625,0,0.078125,0,0.09375,0.466667,0.078125,0,0.078125,0,0.0625,0,0.0625,0,0.0625,0,0.078125,0.333333,0.078125,0,0.0625,0,0.09375,0,0.0625,0,0.0625,0,0.09375,0,0.0625,0,0.0625,0,0.046875,0,0.078125,0,0.046875,0,0.078125,0,0.0625,0,0.0625,0,0.0625,0,0.046875,0,0.0625,0,
44,100,2,0.0625,0,0.046875,0,0.078125,0,0.09375,0,0.078125,0.2,0.09375,0,0.0625,0,0.0625,0,0.0625,0,0.0625,0,0.078125,0.533333,0.0625,0,0.078125,0,0.0625,0,0.0625,0,0.078125,0,0.0625,0,0.0625,0,0.0625,0,0.0625,0,0.078125,0,0.046875,0,0.078125,0,0.078125,0,0.078125,0,0.0625,0,0.078125,0,0.046875,0,0.0625,0,0.0625,0,0.078125,0.533333,0.0625,0,0.078125,0,0.0625,0,0.078125,0,0.0625,0,0.078125,0,0.078125,0,0.0625,0,0.078125,0,0.046875,0,0.109375,0.733333,0.0625,0,0.078125,0.666667,0.0625,0,0.0625,0,0.0625,0,0.046875,0,0.0625,0,0.0625,0,0.046875,0,0.0625,0,0.046875,0,0.109375,0.333333,0.078125,0,0.078125,0,0.078125,0,0.0625,0,0.0625,0,0.0625,0,0.046875,0,0.0625,0,0.078125,0.666667,0.078125,0.2,0.109375,0.333333,0.09375,0,0.078125,0,0.0625,0,0.0625,0,0.078125,0,0.0625,0,0.0625,0,0.078125,0,0.09375,0,0.0625,0,0.0625,0,0.09375,0,0.09375,0.533333,0.0625,0,0.046875,0,0.046875,0,0.078125,0,0.078125,0,0.078125,0,0.078125,0.2,0.078125,0,0.0625,0,0.09375,0,0.0625,0,0.078125,0,0.078125,0,0.046875,0,0.0625,0,0.0625,0,0.078125,0,0.046875,0,0.09375,0,0.078125,0.666667,0.0625,0,0.0625,0,
45,100,2,0.0625,0,0.0625,0,0.078125,0,0.078125,0,0.078125,0,0.0625,0,0.078125,0,0.0625,0,0.09375,0,0.078125,0,0.0625,0,0.078125,0.0666667,0.09375,0,0.0625,0,0.09375,0,0.078125,0,0.078125,0.0666667,0.078125,0,0.125,1.29232,0.09375,0.466667,0.0625,0,0.078125,0,0.078125,0.0666667,0.0625,0,0.078125,0,0.09375,0,0.125,1.0714,0.078125,0,0.09375,0.466667,0.0625,0,0.0625,0,0.078125,0,0.0625,0,0.0625,0,0.078125,0,0.078125,0,0.0625,0,0.0625,0,0.0625,0,0.078125,0,0.046875,0,0.0625,0,0.0625,0,0.078125,0,0.0625,0,0.09375,0,0.0625,0,0.078125,0,0.078125,0,0.078125,0,0.078125,0,0.078125,0,0.09375,0,0.078125,0,0.0625,0,0.078125,0.0666667,0.0625,0,0.0625,0,0.078125,0,0.0625,0,0.109375,0.4,0.0625,0,0.078125,0,0.078125,0,0.09375,0,0.0625,0,0.09375,0,0.078125,0,0.0625,0,0.078125,0.0666667,0.046875,0,0.09375,0,0.0625,0,0.0625,0,0.0625,0,0.0625,0,0.078125,0,0.078125,0,0.0625,0,0.078125,0,0.078125,0,0.078125,0,0.0625,0,0.0625,0,0.0625,0,0.0625,0,0.09375,0,0.078125,0,0.0625,0,0.0625,0.933333,0.09375,0,0.0625,0,0.0625,0,0.046875,0,0.078125,0,0.078125,0,0.0625,0,0.125,1.14281,0.09375,0,0.046875,0,
46,100,2,0.078125,0,0.078125,0,0.0625,0,0.09375,0.466667,0.109375,0.266667,0.0625,0,0.0625,0,0.0625,0,0.0625,0,0.046875,0,0.0625,0,0.09375,0.8,0.0625,0,0.0625,0,0.0625,0,0.078125,0,0.078125,0,0.109375,0.933333,0.0625,0,0.078125,0,0.078125,0,0.0625,0,0.078125,0.733333,0.0625,0,0.09375,0.733333,0.078125,0,0.0625,0,0.0625,0,0.0625,0,0.078125,0,0.0625,0,0.0625,0,0.046875,0,0.0625,0.933333,0.09375,0,0.0625,0,0.09375,0,0.0625,0,0.0625,0,0.078125,0,0.0625,0,0.09375,0,0.078125,0,0.0625,0,0.078125,0,0.078125,0,0.046875,0,0.0625,0,0.0625,0,0.078125,0,0.078125,0,0.078125,0.133333,0.0625,0,0.0625,0,0.078125,0,0.109375,1.20948,0.078125,0,0.0625,0,0.0625,0,0.0625,0,0.0625,0,0.0625,0,0.0625,0,0.078125,0,0.109375,0.266667,0.109375,0.733333,0.078125,0,0.078125,0,0.0625,0,0.0625,0,0.0625,0,0.0625,0,0.078125,0,0.0625,0,0.046875,0,0.0625,0,0.125,1.29232,0.09375,0.733333,0.0625,0,0.078125,0.533333,0.078125,0,0.078125,0,0.046875,0,0.046875,0,0.078125,0,0.0625,0,0.0625,0,0.078125,0,0.0625,0,0.046875,0,0.078125,0,0.0625,0,0.046875,0,0.0625,0,0.0625,0,0.0625,0,0.0625,0,0.0625,0,0.0625,0,0.0625,0,
47,100,2,0.0625,0,0.09375,0.8,0.078125,0,0.078125,0,0.078125,0,0.078125,0,0.078125,0,0.109375,0,0.109375,0,0.09375,0,0.078125,0,0.09375,1.18186,0.09375,0,0.078125,0,0.0625,0,0.078125,0,0.078125,0,0.078125,0,0.0625,0,0.078125,0,0.0625,0.866667,0.046875,0,0.078125,0.466667,0.109375,0.933333,0.09375,0,0.078125,0,0.078125,0,0.09375,0,0.109375,1.18186,0.078125,0,0.078125,0,0.078125,0,0.0625,0,0.09375,0,0.09375,0.866667,0.046875,0,0.078125,0.6,0.09375,0.666667,0.078125,0,0.078125,0,0.078125,0,0.0625,0,0.046875,0,0.078125,0,0.0625,0,0.078125,0,0.09375,0,0.09375,0,0.0625,0,0.0625,0,0.0625,0,0.078125,0.466667,0.0625,0,0.046875,0,0.0625,0,0.078125,0,0.078125,0,0.046875,0,0.0625,0,0.078125,0,0.078125,0,0.09375,0,0.078125,0,0.0625,0,0.078125,0,0.0625,0,0.109375,0,0.078125,0,0.078125,0,0.078125,0,0.046875,0,0.078125,0,0.078125,0,0.0625,0,0.078125,0,0.09375,0,0.078125,0,0.0625,0,0.09375,0,0.078125,0,0.0625,0,0.0625,0,0.078125,0.6,0.046875,0,0.046875,0,0.0625,0,0.0625,0,0.0625,0,0.078125,0,0.09375,0,0.0625,0,0.109375,0,0.078125,0,0.0625,0,0.0625,0,0.078125,0,0.09375,0.8,0.078125,0,0.0625,0,0.046875,0,
48,100,2,0.0625,0,0.078125,0,0.0625,0,0.09375,0,0.09375,0.866667,0.078125,0.533333,0.09375,0.4,0.09375,0.8,0.0625,0,0.0625,0,0.0625,0,0.0625,0,0.078125,0,0.078125,0,0.0625,0,0.0625,0,0.078125,0,0.078125,0,0.09375,0,0.0625,0,0.109375,0,0.0625,0,0.078125,0,0.0625,0,0.078125,0,0.0625,0,0.09375,0,0.0625,0,0.09375,0,0.09375,0,0.078125,0.8,0.0625,0,0.0625,0,0.09375,0,0.09375,0,0.109375,0,0.078125,0,0.0625,0,0.0625,0,0.09375,0,0.0625,0,0.0625,0,0.109375,1.11519,0.078125,0,0.078125,0,0.09375,0,0.0625,0,0.078125,0,0.0625,0,0.078125,0,0.078125,0,0.046875,0,0.109375,0,0.0625,0,0.078125,0,0.0625,0,0.0625,0,0.09375,0,0.0625,0,0.0625,0,0.078125,0,0.0625,0,0.078125,0,0.078125,0,0.078125,0,0.078125,0,0.09375,0,0.09375,0,0.09375,0,0.09375,0,0.078125,0,0.078125,0,0.078125,0,0.078125,0,0.078125,0,0.046875,0,0.046875,0,0.0625,0,0.0625,0,0.046875,0,0.078125,0,0.09375,0.733333,0.078125,0,0.0625,0,0.0625,0,0.0625,0,0.09375,0.4,0.078125,0,0.078125,0,0.046875,0,0.0625,0,0.109375,0,0.109375,0,0.078125,0,0.078125,0,0.0625,0,0.0625,0,0.09375,0.666667,0.078125,0.6,0.078125,0,
49,100,2,0.046875,0,0.078125,0,0.09375,0,0.078125,0,0.0625,0.8,0.0625,0,0.0625,0,0.078125,0,0.0625,0,0.09375,0,0.0625,0,0.0625,0.866667,0.09375,0.666667,0.109375,0.933333,0.078125,0,0.078125,0,0.09375,0,0.078125,0,0.046875,0,0.0625,0,0.078125,0,0.078125,0,0.0625,0,0.078125,0,0.09375,0,0.0625,0,0.078125,0,0.0625,0,0.078125,0.6,0.09375,0,0.078125,0,0.0625,0,0.078125,0,0.078125,0,0.0625,0.866667,0.078125,0,0.078125,0,0.0625,0,0.0625,0,0.078125,0,0.078125,0,0.0625,0,0.0625,0,0.0625,0,0.125,1.29232,0.078125,0,0.0625,0,0.09375,0,0.046875,0,0.078125,0,0.109375,0,0.0625,0,0.0625,0,0.0625,0,0.09375,0,0.0625,0,0.09375,0,0.0625,0,0.09375,0,0.0625,0,0.078125,0,0.078125,0,0.078125,0,0.078125,0,0.0625,0,0.0625,0,0.0625,0,0.078125,0.6,0.078125,0.533333,0.0625,0,0.078125,0,0.078125,0,0.0625,0,0.078125,0,0.078125,0,0.0625,0,0.0625,0,0.078125,0,0.078125,0.533333,0.0625,0,0.0625,0,0.0625,0,0.09375,0.666667,0.0625,0,0.0625,0,0.0625,0,0.078125,0,0.0625,0,0.0625,0,0.09375,0.666667,0.09375,0,0.078125,0,0.078125,0,0.078125,0.8,0.078125,0,0.0625,0,0.109375,0,0.078125,0,0.0625,0,0.0625,0,
50,100,2,0.0625,0,0.0625,0,0.09375,0,0.09375,0,0.046875,0,0.09375,0,0.0625,0,0.078125,0.466667,0.078125,0,0.078125,0,0.0625,0,0.0625,0,0.09375,0.933333,0.109375,0.866667,0.09375,0.333333,0.09375,0,0.0625,0,0.078125,0,0.0625,0,0.0625,0,0.078125,0,0.078125,0,0.0625,0,0.0625,0,0.0625,0,0.09375,0.333333,0.078125,0,0.109375,0,0.078125,0,0.078125,0,0.046875,0,0.0625,0,0.0625,0,0.078125,0,0.078125,0,0.078125,0,0.0625,0,0.0625,0,0.0625,0,0.09375,0,0.078125,0,0.09375,0.666667,0.046875,0,0.078125,0,0.0625,0,0.0625,0,0.046875,0,0.078125,0,0.0625,0,0.0625,0,0.046875,0,0.078125,0,0.078125,0,0.078125,0,0.078125,0.733333,0.078125,0,0.0625,0,0.0625,0,0.078125,0,0.109375,1.23709,0.09375,0.666667,0.078125,0.733333,0.078125,0,0.09375,0,0.078125,0,0.109375,1.2647,0.078125,0,0.078125,0.933333,0.078125,0,0.078125,0,0.078125,0,0.0625,0,0.0625,0,0.078125,0,0.078125,0,0.078125,0.466667,0.046875,0,0.0625,0,0.078125,0,0.078125,0,0.0625,0,0.0625,0,0.0625,0,0.109375,0,0.078125,0,0.046875,0,0.078125,0,0.078125,0,0.078125,0,0.0625,0,0.0625,0,0.078125,0,0.109375,0,0.09375,1.05997,0.09375,0,0.046875,0,0.09375,0.666667,0.09375,0,0.078125,0,0.0625,0,
51,100,2,0.046875,0,0.0625,0,0.09375,0,0.078125,0.733333,0.078125,0,0.078125,0.466667,0.09375,0,0.078125,0,0.078125,0,0.0625,0,0.078125,0,0.09375,0.333333,0.0625,0,0.09375,0.733333,0.078125,0,0.078125,0,0.0625,0,0.046875,0.933333,0.09375,0.8,0.078125,0,0.046875,0,0.0625,0,0.0625,0,0.046875,0,0.109375,0.666667,0.078125,0,0.109375,0,0.078125,0,0.078125,0.466667,0.109375,1.15425,0.078125,0,0.09375,0,0.0625,0,0.0625,0,0.0625,0,0.0625,0,0.078125,0,0.078125,0,0.09375,0.6,0.078125,0,0.046875,0,0.109375,0.965685,0.0625,0,0.109375,0,0.109375,0.866667,0.0625,0,0.0625,0,0.09375,0,0.078125,0,0.078125,0,0.078125,0,0.0625,0,0.046875,0,0.09375,0.8,0.09375,0,0.09375,0.733333,0.0625,0,0.078125,0,0.09375,0,0.0625,0,0.078125,0,0.0625,0,0.046875,0,0.09375,0.666667,0.0625,0,0.0625,0,0.046875,0,0.09375,0,0.078125,0,0.09375,0,0.0625,0,0.0625,0,0.0625,0,0.078125,0,0.078125,0.6,0.09375,0,0.0625,0,0.09375,0,0.0625,0,0.078125,0,0.078125,0,0.0625,0,0.0625,0,0.0625,0,0.0625,0,0.078125,0,0.078125,0,0.0625,0,0.09375,0.6,0.078125,0,0.0625,0,0.078125,0,0.0625,0,0.0625,0,0.078125,0,0.03125,0.8,0.0625,0,0.09375,0.8,0.078125,0,0.09375,0,
52,100,2,0.09375,0.266667,0.078125,0,0.046875,0,0.078125,0,0.0625,0,0.078125,0,0.078125,0,0.078125,0,0.0625,0,0.078125,0,0.078125,0,0.078125,0,0.078125,0,0.0625,0,0.078125,0,0.078125,0.533333,0.078125,0,0.078125,0.533333,0.078125,0,0.078125,0,0.078125,0,0.09375,0.8,0.09375,0,0.0625,0,0.0625,0,0.0625,0,0.109375,1.05997,0.0625,0,0.0625,0,0.078125,0,0.0625,0,0.09375,0.8,0.125,0.827614,0.078125,0,0.09375,0.6,0.078125,0,0.078125,0,0.0625,0,0.09375,0.6,0.078125,0,0.0625,0,0.0625,0,0.140625,1.25828,0.078125,0,0.0625,0,0.078125,0,0.0625,0,0.078125,0,0.09375,0,0.0625,0,0.078125,0,0.078125,0,0.09375,0,0.09375,0,0.078125,1.2647,0.109375,1.12663,0.09375,1.01618,0.078125,0,0.0625,0,0.0625,0,0.078125,0,0.0625,0,0.078125,0,0.09375,0.666667,0.0625,0,0.078125,0.866667,0.0625,0,0.0625,0,0.078125,0,0.078125,0,0.078125,0,0.0625,0,0.078125,0,0.078125,0,0.109375,0.6,0.046875,0,0.078125,0,0.078125,0,0.0625,0,0.078125,0,0.078125,0,0.0625,0,0.078125,0,0.046875,0,0.0625,0,0.0625,0,0.078125,0.533333,0.109375,0,0.078125,0,0.078125,0,0.0625,0,0.078125,0,0.0625,0,0.078125,0,0.0625,0,0.078125,0,0.046875,0,0.0625,0,0.0625,0,0.078125,0,
53,100,2,0.09375,0,0.078125,0,0.078125,0,0.0625,0,0.125,0.827614,0.078125,0.6,0.0625,0,0.109375,0,0.078125,0,0.09375,0.6,0.0625,0,0.0625,0,0.09375,0,0.09375,0,0.078125,0.333333,0.078125,0.533333,0.0625,0,0.09375,0,0.078125,0,0.09375,0,0.078125,0,0.078125,0.266667,0.09375,0,0.078125,0.266667,0.078125,0,0.09375,0,0.078125,0,0.046875,0,0.046875,0,0.09375,0,0.078125,0,0.09375,0.6,0.078125,0,0.09375,0,0.0625,0.866667,0.078125,0,0.09375,0,0.09375,0.6,0.0625,0,0.078125,0,0.0625,0,0.09375,0,0.0625,0,0.0625,0,0.078125,0,0.078125,0,0.0625,0,0.09375,0,0.078125,0,0.109375,0,0.09375,0.6,0.09375,0,0.0625,0,0.078125,1.03235,0.078125,0,0.09375,0.2,0.078125,0,0.078125,0,0.0625,0,0.078125,0,0.0625,0,0.109375,1.46826,0.078125,0,0.078125,0,0.0625,0,0.078125,0,0.109375,0,0.0625,0,0.078125,0,0.0625,0,0.078125,0,0.0625,0,0.0625,0,0.0625,0.933333,0.0625,0,0.0625,0,0.078125,0,0.0625,0,0.0625,0,0.0625,0,0.078125,0.266667,0.0625,0,0.078125,0,0.078125,0,0.0625,0,0.109375,0.8,0.0625,0,0.078125,0,0.0625,0,0.078125,0,0.078125,0.333333,0.109375,0.6,0.078125,0,0.09375,0,0.0625,0,0.078125,0,0.0625,0,0.0625,0,0.078125,0,0.09375,1.10376,
54,100,2,0.0625,0,0.09375,0,0.0625,0,0.0625,0,0.0625,0,0.078125,0,0.046875,0,0.0625,0,0.09375,0.4,0.078125,0,0.046875,0,0.0625,0,0.078125,0.533333,0.078125,0,0.078125,0,0.09375,0.4,0.0625,0,0.078125,0.866667,0.09375,0,0.125,1.09902,0.09375,0.733333,0.0625,0,0.078125,0,0.109375,1.09902,0.109375,0.866667,0.0625,0,0.078125,0,0.078125,0,0.0625,0,0.046875,0,0.0625,0,0.125,0.933333,0.0625,0,0.0625,0,0.109375,0.949509,0.078125,0,0.046875,0.866667,0.078125,0,0.09375,0.827614,0.0625,0,0.09375,0.0666667,0.0625,0,0.0625,0,0.078125,0,0.078125,0,0.078125,0,0.078125,0,0.0625,0,0.0625,0,0.09375,0,0.0625,0,0.0625,0,0.09375,0.6,0.09375,0.827614,0.078125,0,0.0625,0,0.0625,0,0.0625,0,0.046875,0,0.0625,0,0.0625,0,0.046875,0.933333,0.0625,0,0.0625,0,0.09375,0.4,0.09375,0.4,0.09375,0.733333,0.0625,0,0.078125,0.533333,0.109375,0.533333,0.0625,0,0.078125,0,0.078125,0,0.09375,0.666667,0.078125,0,0.078125,0,0.109375,0.733333,0.0625,0,0.078125,0,0.078125,0,0.078125,0,0.046875,0,0.078125,0,0.078125,0,0.078125,0,0.0625,0,0.078125,0,0.078125,0,0.09375,0,0.0625,0,0.0625,0,0.0625,0,0.09375,0,0.09375,0,0.09375,0.0666667,0.078125,0,0.078125,0,0.078125,0,0.0625,0,0.109375,0.533333,
55,100,2,0.078125,0.133333,0.0625,0,0.0625,0,0.078125,0,0.046875,0,0.09375,0.4,0.125,0.866667,0.09375,0,0.09375,0.4,0.0625,0,0.109375,0.333333,0.0625,0,0.078125,0,0.109375,0.882843,0.078125,0,0.078125,0.133333,0.078125,0.133333,0.09375,0,0.0625,0,0.09375,0,0.09375,0,0.078125,0,0.046875,0,0.078125,0,0.078125,0,0.078125,0,0.09375,0,0.09375,0.533333,0.078125,0,0.078125,0,0.125,0.733333,0.078125,0,0.0625,0,0.078125,0,0.078125,0,0.078125,0,0.09375,0,0.078125,0.266667,0.078125,0.133333,0.078125,0,0.078125,0,0.078125,0,0.09375,0.466667,0.0625,0,0.078125,0,0.0625,0,0.0625,0,0.078125,0,0.078125,0,0.078125,0,0.109375,0.333333,0.078125,0,0.0625,0,0.0625,0,0.09375,0,0.0625,0,0.078125,0.333333,0.0625,0,0.078125,0,0.078125,0,0.09375,0,0.0625,0,0.0625,0,0.046875,0,0.078125,0.8,0.0625,0,0.078125,0,0.0625,0,0.09375,0.533333,0.09375,0,0.078125,0,0.09375,0.4,0.109375,1.23709,0.109375,0.666667,0.078125,0,0.078125,0,0.046875,0,0.078125,0,0.046875,0,0.109375,0,0.0625,0,0.109375,0.333333,0.078125,0,0.09375,0,0.0625,0,0.0625,0,0.078125,0.266667,0.0625,0,0.078125,0.133333,0.0625,0,0.078125,0.466667,0.078125,0,0.0625,0,0.0625,0,0.09375,0.533333,0.078125,0,0.09375,0,0.09375,0.466667,0.078125,0.133333,0.0625,0,
56,100,2,0.09375,0,0.0625,0,0.09375,0,0.09375,0.533333,0.109375,0.855228,0.0625,0,0.09375,0.8,0.078125,0,0.078125,0,0.0625,0,0.0625,0,0.078125,0.266667,0.078125,0,0.0625,0,0.0625,0,0.09375,0.2,0.0625,0,0.09375,0,0.078125,0.133333,0.078125,0,0.078125,0,0.0625,0,0.09375,0.2,0.0625,0,0.0625,0,0.09375,0.2,0.078125,0,0.109375,0.866667,0.078125,0.133333,0.078125,0,0.078125,0,0.078125,0,0.0625,0,0.078125,0,0.078125,0,0.09375,0,0.109375,0,0.09375,0.733333,0.078125,0,0.078125,0,0.078125,0,0.0625,0,0.0625,0,0.078125,0.866667,0.078125,0,0.109375,0.4,0.078125,0,0.0625,0,0.078125,0,0.078125,0,0.0625,0,0.0625,0,0.109375,0,0.09375,0.2,0.0625,0,0.109375,0.666667,0.078125,0,0.09375,0.8,0.078125,0,0.09375,0.8,0.078125,0,0.046875,0,0.078125,0,0.0625,0,0.09375,0,0.0625,0,0.109375,1.12663,0.0625,0,0.09375,0,0.109375,0.666667,0.046875,0,0.09375,0,0.0625,0,0.09375,0.533333,0.078125,0,0.09375,0.0666667,0.0625,0,0.09375,0,0.078125,0,0.0625,0,0.0625,0,0.109375,0.666667,0.078125,0,0.0625,0,0.0625,0,0.0625,0,0.046875,0,0.109375,1.11519,0.0625,0,0.078125,0,0.078125,0.133333,0.078125,0,0.078125,0,0.09375,0,0.0625,0,0.0625,0,0.078125,0,0.0625,0,0.09375,0.533333,0.0625,0,
57,100,2,0.0625,0,0.078125,0,0.0625,0,0.0625,0,0.0625,0,0.078125,0,0.078125,0,0.09375,0.666667,0.0625,0,0.078125,0,0.0625,0,0.078125,0.266667,0.09375,0.733333,0.078125,0,0.09375,0.933333,0.109375,0.866667,0.0625,0,0.09375,0.466667,0.09375,0,0.09375,0.2,0.078125,0.266667,0.078125,0,0.0625,0,0.078125,0,0.078125,0,0.09375,0,0.0625,0,0.046875,0,0.09375,0.2,0.125,1.32827,0.078125,0,0.0625,0,0.109375,1.2647,0.046875,0,0.078125,0,0.078125,0,0.078125,0,0.078125,0,0.125,0.733333,0.078125,0,0.09375,0.466667,0.0625,0,0.078125,0.266667,0.078125,0,0.078125,0,0.109375,0,0.078125,0,0.078125,0,0.078125,0,0.09375,0,0.0625,0.866667,0.09375,0,0.09375,0,0.09375,0.981861,0.078125,0,0.078125,0,0.078125,0,0.0625,0,0.0625,0,0.09375,0.8,0.078125,0,0.09375,0.8,0.09375,0.6,0.0625,0,0.078125,0,0.0625,0,0.0625,0,0.078125,0,0.078125,0,0.09375,0.533333,0.078125,0,0.078125,0.266667,0.078125,0.266667,0.09375,0,0.09375,0.733333,0.0625,0,0.09375,0.533333,0.078125,0,0.109375,0.4,0.109375,0.8,0.0625,0,0.0625,0,0.078125,0,0.09375,0,0.109375,1.08758,0.0625,0,0.078125,0,0.0625,0,0.0625,0,0.109375,0.827614,0.078125,0.866667,0.078125,0.266667,0.109375,0.788562,0.078125,0,0.078125,0,0.078125,0,0.09375,0,0.078125,0,0.078125,0,0.078125,0,
58,100,2,0.109375,1.23709,0.078125,0,0.078125,0,0.0625,0,0.09375,0.8,0.109375,0,0.0625,0,0.140625,1.64566,0.09375,0,0.0625,0,0.0625,0,0.0625,0,0.078125,0,0.109375,0.965685,0.09375,0,0.09375,0.4,0.0625,0,0.125,1.29232,0.046875,0,0.078125,0,0.078125,0,0.09375,0.8,0.140625,1.29232,0.0625,0,0.078125,0,0.078125,0.133333,0.078125,0,0.078125,0,0.078125,0,0.09375,0,0.0625,0,0.140625,1.5742,0.0625,0,0.078125,0,0.09375,0,0.109375,0.733333,0.09375,0.4,0.078125,0,0.0625,0,0.078125,0.0666667,0.078125,0,0.078125,0,0.0625,0,0.078125,0,0.078125,0,0.0625,0,0.109375,0.666667,0.078125,0,0.046875,0,0.078125,0,0.109375,0.333333,0.078125,0,0.0625,0,0.109375,0.733333,0.078125,0,0.0625,0,0.0625,0,0.0625,0,0.09375,0,0.046875,0,0.046875,0,0.0625,0,0.078125,0.133333,0.078125,0.133333,0.078125,0,0.046875,0,0.09375,0.933333,0.078125,0,0.078125,0.266667,0.09375,0.866667,0.0625,0,0.078125,0,0.0625,0,0.0625,0,0.0625,0,0.046875,0,0.0625,0,0.0625,0.8,0.09375,0,0.0625,0,0.09375,0,0.078125,0,0.078125,0,0.078125,0,0.109375,0.333333,0.078125,0,0.0625,0,0.0625,0,0.0625,0,0.109375,0,0.078125,0,0.0625,0,0.078125,0,0.078125,0,0.078125,0,0.09375,0.8,0.078125,0,0.09375,0.8,0.09375,0,0.0625,0,
59,100,2,0.09375,0,0.078125,0,0.0625,0,0.09375,0,0.09375,0.0666667,0.078125,0,0.078125,0,0.0625,0,0.078125,0,0.0625,0,0.046875,0,0.0625,0,0.0625,0,0.078125,0,0.0625,0,0.09375,0,0.078125,0,0.0625,0,0.078125,0,0.09375,0.933333,0.0625,0.988562,0.078125,0,0.078125,0,0.078125,0,0.09375,0.933333,0.125,1.23709,0.0625,0,0.078125,0,0.125,0.666667,0.109375,0.333333,0.078125,0,0.078125,0,0.109375,0.733333,0.078125,0,0.0625,0,0.046875,0,0.046875,0,0.09375,0,0.09375,0,0.078125,0,0.0625,0,0.078125,0,0.109375,0.6,0.078125,0,0.0625,0,0.09375,0.0666667,0.125,0.666667,0.078125,0,0.09375,0,0.0625,0,0.078125,0,0.078125,0,0.078125,0,0.078125,0,0.09375,0.0666667,0.0625,0,0.046875,0,0.078125,0,0.078125,0,0.09375,0,0.09375,0,0.078125,0,0.078125,0,0.078125,0,0.109375,0.933333,0.078125,0,0.078125,0,0.109375,0.733333,0.0625,0,0.0625,0,0.09375,0,0.0625,0,0.09375,0,0.078125,0,0.078125,0,0.09375,0,0.0625,0,0.078125,0.8,0.09375,0,0.109375,0.871405,0.0625,0,0.09375,0,0.078125,0,0.0625,0,0.09375,0,0.078125,0,0.09375,0,0.078125,0,0.046875,0,0.09375,0,0.078125,0,0.0625,0,0.109375,0.6,0.078125,0,0.078125,0,0.0625,0,0.09375,0,0.0625,0,0.09375,0,0.078125,0,
60,100,2,0.0625,0,0.09375,0,0.109375,0.666667,0.09375,0.333333,0.0625,0,0.109375,0,0.0625,0,0.09375,0,0.0625,0,0.09375,0.8,0.09375,0.333333,0.078125,0,0.109375,0.6,0.078125,0,0.09375,0,0.078125,0,0.078125,0,0.125,1.17042,0.140625,1.46826,0.078125,0,0.078125,0,0.078125,0,0.09375,0,0.078125,0,0.09375,0.733333,0.0625,0,0.0625,0,0.109375,0.6,0.0625,0,0.09375,0,0.09375,0.4,0.078125,0,0.0625,0,0.078125,0,0.109375,0,0.09375,0.6,0.0625,0,0.078125,0,0.0625,0,0.109375,0.266667,0.078125,0,0.09375,0,0.078125,0,0.0625,0,0.0625,0,0.09375,0,0.078125,0,0.0625,0,0.078125,0,0.109375,0.666667,0.078125,0.733333,0.0625,0,0.078125,0,0.09375,0.733333,0.09375,0.4,0.0625,0,0.09375,0,0.078125,0,0.0625,0,0.09375,0,0.078125,0,0.078125,0,0.078125,0,0.09375,0,0.109375,0.749509,0.09375,0,0.078125,0,0.046875,0,0.0625,0,0.0625,0,0.09375,0.733333,0.078125,0,0.0625,0,0.078125,0,0.09375,0.8,0.046875,0,0.078125,0,0.109375,0,0.0625,0,0.078125,0,0.078125,0.133333,0.046875,0,0.0625,0,0.0625,0,0.078125,0,0.078125,0.266667,0.046875,0,0.078125,0,0.0625,0,0.09375,0,0.078125,0.133333,0.09375,0,0.078125,0,0.09375,0,0.078125,0,0.046875,0,0.078125,0,0.0625,0,0.09375,0.4,0.09375,0.4,
61,100,2,0.078125,0,0.109375,0.6,0.0625,0,0.0625,0,0.09375,1.09902,0.078125,0,0.09375,0.133333,0.0625,0,0.078125,0,0.078125,0,0.09375,0.133333,0.09375,0,0.09375,0.133333,0.0625,0,0.078125,0,0.0625,0,0.078125,0,0.078125,0,0.0625,0,0.078125,0,0.078125,0,0.078125,0,0.109375,0,0.078125,0,0.09375,0.333333,0.078125,0,0.09375,0.733333,0.109375,0.533333,0.0625,0,0.078125,0,0.0625,0,0.078125,0,0.078125,0.2,0.078125,0,0.0625,0,0.078125,0.0666667,0.078125,0,0.078125,0,0.0625,0,0.078125,0,0.0625,0,0.0625,0,0.046875,0,0.109375,0.8,0.09375,0.333333,0.078125,0,0.0625,0,0.046875,0,0.0625,0,0.078125,0,0.09375,0,0.09375,0,0.078125,0.2,0.0625,0,0.109375,0.533333,0.09375,0,0.078125,0,0.09375,0.333333,0.109375,0,0.0625,0,0.078125,0,0.109375,0.2,0.0625,0,0.09375,0,0.078125,0,0.078125,0,0.078125,0,0.109375,0.749509,0.0625,0,0.078125,0,0.0625,0,0.078125,0,0.09375,0.6,0.09375,0.133333,0.078125,0,0.09375,0.333333,0.09375,0.733333,0.078125,0,0.078125,0,0.0625,0,0.0625,0,0.078125,0,0.078125,0.8,0.0625,0,0.046875,0,0.0625,0,0.09375,0.8,0.09375,0,0.0625,0,0.046875,0,0.0625,0,0.09375,0.960948,0.09375,0.133333,0.0625,0,0.09375,0,0.078125,0,0.0625,0,0.078125,0,0.078125,0,0.078125,0,
62,100,2,0.09375,0,0.09375,0.266667,0.09375,0,0.078125,0,0.0625,0,0.109375,0.533333,0.109375,0.533333,0.078125,0,0.09375,0.933333,0.0625,0,0.0625,0,0.0625,0,0.078125,0,0.0625,0,0.09375,0,0.078125,0,0.0625,0,0.09375,0.733333,0.109375,0.4,0.09375,0,0.109375,0,0.109375,0.4,0.0625,0,0.0625,0,0.09375,0,0.078125,0.2,0.09375,0,0.09375,0,0.109375,0.8,0.078125,0,0.09375,0,0.09375,0,0.09375,0,0.078125,0,0.078125,0,0.09375,0,0.078125,0,0.078125,0,0.0625,0,0.0625,0,0.078125,0,0.09375,0.6,0.0625,0,0.0625,0,0.109375,1.09902,0.09375,0,0.09375,0,0.0625,0,0.078125,0,0.109375,0.533333,0.078125,0,0.0625,0,0.0625,0,0.078125,0,0.046875,0,0.046875,0,0.109375,1.15425,0.0625,0,0.09375,0,0.0625,0,0.046875,0,0.078125,0,0.109375,0.533333,0.078125,0,0.0625,0,0.09375,0,0.078125,0,0.0625,0,0.0625,0,0.078125,0,0.078125,0,0.078125,0,0.078125,0,0.078125,0,0.0625,0,0.09375,0.266667,0.0625,0,0.109375,0.533333,0.09375,0,0.0625,0,0.09375,0,0.09375,0.6,0.078125,0,0.09375,0,0.09375,0,0.046875,0,0.0625,0,0.0625,0,0.09375,0.6,0.0625,0,0.109375,0.533333,0.078125,0,0.109375,0.533333,0.0625,0,0.078125,0,0.046875,0,0.09375,0,0.078125,0,0.09375,0,0.0625,0,
63,100,2,0.078125,0,0.078125,0,0.109375,0.533333,0.078125,0,0.09375,0.4,0.078125,0,0.09375,0.4,0.078125,0,0.078125,0,0.078125,0,0.09375,0.733333,0.078125,0,0.078125,0,0.078125,0,0.0625,0,0.046875,0,0.0625,0,0.09375,0,0.078125,0,0.09375,0.4,0.078125,0,0.0625,0,0.09375,0.0666667,0.09375,0.4,0.078125,0,0.046875,0,0.078125,0,0.078125,0,0.078125,0,0.09375,0,0.09375,0,0.078125,0,0.0625,0,0.078125,0,0.0625,0,0.09375,1.12663,0.109375,0.921895,0.09375,0,0.046875,0,0.09375,0,0.09375,0.666667,0.078125,0,0.0625,0,0.078125,0,0.09375,0,0.078125,0,0.0625,0,0.0625,0,0.09375,0.266667,0.09375,0,0.109375,0.533333,0.0625,0,0.09375,0.6,0.078125,0,0.078125,0,0.109375,0.866667,0.046875,0,0.078125,0,0.109375,0.133333,0.078125,0,0.0625,0,0.09375,0,0.0625,0,0.09375,0,0.09375,0,0.078125,0,0.0625,0,0.09375,0.6,0.09375,0.866667,0.0625,0,0.09375,0,0.09375,0.6,0.078125,0,0.0625,0,0.078125,0.133333,0.078125,0.2,0.0625,0,0.109375,0.133333,0.078125,0,0.09375,0,0.09375,0,0.0625,0,0.09375,0,0.078125,0,0.09375,0,0.078125,0,0.09375,0,0.09375,0,0.078125,0,0.09375,0,0.078125,0,0.09375,0,0.109375,0.933333,0.09375,0,0.0625,0,0.078125,0,0.109375,0.733333,0.078125,0,0.078125,0,0.078125,0,
64,100,2,0.109375,0.333333,0.078125,0,0.046875,0,0.109375,0,0.09375,0,0.078125,0,0.09375,0,0.078125,0,0.0625,0,0.09375,0.866667,0.078125,0,0.0625,0,0.078125,0,0.078125,0,0.09375,0.466667,0.09375,0,0.078125,0,0.109375,0.733333,0.078125,0,0.109375,0.2,0.078125,0,0.109375,0.866667,0.0625,0,0.09375,0,0.0625,0,0.125,1.12663,0.0625,0,0.078125,0,0.078125,0,0.09375,0,0.09375,0,0.109375,0,0.078125,0,0.09375,0,0.0625,0,0.109375,0.466667,0.109375,1.00474,0.0625,0,0.09375,0,0.078125,0,0.078125,0,0.09375,0,0.09375,0,0.09375,0,0.09375,0,0.078125,0,0.0625,0,0.09375,0,0.09375,0.6,0.078125,0,0.0625,0,0.0625,0,0.09375,0.733333,0.09375,0.6,0.0625,0,0.078125,0,0.078125,0,0.09375,0,0.078125,0,0.109375,0.333333,0.0625,0,0.09375,0,0.0625,0,0.09375,0,0.09375,0,0.0625,0,0.09375,0,0.0625,0.866667,0.09375,0.466667,0.078125,0.733333,0.078125,0.733333,0.078125,0,0.078125,0,0.09375,0,0.09375,0,0.09375,0,0.0625,0.733333,0.09375,0,0.109375,0.733333,0.09375,0,0.09375,0,0.078125,0,0.09375,0,0.09375,0,0.0625,0,0.09375,0,0.109375,0.910457,0.078125,0,0.0625,0,0.09375,0,0.078125,0,0.078125,0,0.078125,0,0.0625,0,0.09375,0,0.078125,0,0.0625,0,0.078125,0,0.0625,0,0.109375,0.333333,
65,100,2,0.109375,0.333333,0.078125,0,0.0625,0,0.09375,0.466667,0.09375,0.2,0.078125,0,0.078125,0,0.09375,0.6,0.078125,0,0.109375,0.6,0.078125,0,0.046875,0,0.078125,0,0.078125,0,0.078125,0,0.109375,0.8,0.0625,0,0.09375,0,0.109375,0.733333,0.09375,0,0.078125,0,0.125,0.866667,0.125,0.8,0.09375,0,0.125,1.04379,0.0625,0,0.09375,0,0.09375,0.666667,0.109375,0.0666667,0.09375,0,0.09375,0.0666667,0.09375,0.2,0.078125,0,0.09375,0,0.078125,0,0.078125,0,0.078125,0,0.109375,0,0.109375,0,0.078125,0.2,0.0625,0,0.046875,0,0.09375,0.466667,0.0625,0,0.109375,0,0.09375,0,0.078125,0,0.078125,0,0.09375,0,0.09375,0,0.109375,0,0.109375,0,0.0625,0,0.0625,0,0.078125,0,0.078125,0,0.078125,0,0.0625,0,0.109375,0,0.078125,0,0.09375,0,0.109375,0,0.0625,0,0.09375,0.2,0.09375,0.466667,0.109375,0.6,0.0625,0,0.09375,0,0.125,0.8,0.078125,0,0.078125,0,0.109375,0.6,0.109375,0.733333,0.078125,0.733333,0.078125,0,0.09375,0,0.078125,0,0.078125,0,0.078125,0,0.0625,0,0.078125,0,0.09375,0.2,0.078125,0,0.09375,0,0.09375,0,0.046875,0,0.09375,0,0.109375,0.0666667,0.0625,0,0.09375,0.666667,0.078125,0,0.078125,0,0.078125,0,0.0625,0,0.09375,0,0.0625,0,0.078125,0,0.09375,0,0.09375,0.2,0.09375,0,
66,100,2,0.09375,0,0.078125,0,0.046875,0,0.0625,0,0.109375,0.6,0.109375,0,0.0625,0,0.0625,0,0.09375,0,0.078125,0,0.078125,0,0.125,0.6,0.09375,0,0.109375,0,0.109375,0.266667,0.0625,0,0.09375,0,0.078125,0,0.09375,0.6,0.09375,0,0.09375,0,0.078125,0,0.078125,0,0.078125,0,0.0625,0,0.09375,0.6,0.125,0.6,0.078125,0,0.109375,0.882843,0.09375,0,0.09375,0.266667,0.078125,0.733333,0.078125,0,0.0625,0,0.109375,0.333333,0.078125,0,0.0625,0,0.0625,0,0.078125,0,0.078125,0,0.109375,0.333333,0.09375,0,0.125,0.871405,0.09375,0.6,0.078125,0,0.078125,0,0.09375,0,0.09375,0,0.046875,0,0.09375,0,0.09375,0,0.0625,0,0.078125,0,0.09375,0,0.09375,0,0.078125,0,0.0625,0,0.0625,0,0.09375,0,0.078125,0,0.0625,0,0.09375,0,0.0625,0,0.09375,0,0.109375,0.266667,0.109375,0.666667,0.078125,0,0.09375,0,0.109375,0.333333,0.078125,0.666667,0.09375,0,0.078125,0,0.09375,0,0.078125,0,0.0625,0,0.0625,0,0.0625,0,0.078125,0,0.09375,0,0.078125,0.666667,0.078125,0,0.109375,0.8,0.046875,0,0.078125,0,0.09375,0,0.0625,0,0.078125,0,0.078125,0,0.09375,0,0.09375,0,0.0625,0,0.09375,0,0.109375,0.266667,0.109375,0.866667,0.09375,0.266667,0.109375,1.01618,0.0625,0.8,0.125,0.871405,0.0625,0,0.078125,0,
67,100,2,0.078125,0,0.078125,0.666667,0.078125,0,0.078125,0,0.0625,0,0.0625,0,0.09375,0,0.078125,0,0.078125,0,0.078125,0,0.109375,0.666667,0.078125,0,0.0625,0,0.078125,0,0.078125,0,0.109375,0,0.125,1.00474,0.078125,0,0.09375,0,0.09375,0,0.09375,0,0.09375,0,0.078125,0,0.078125,0,0.09375,0,0.078125,0,0.09375,0,0.09375,0,0.078125,0,0.09375,0,0.078125,0,0.09375,0.6,0.0625,0,0.09375,0,0.078125,0,0.09375,0,0.09375,0.6,0.0625,0,0.109375,0,0.0625,0,0.109375,0,0.09375,0,0.109375,0,0.09375,0,0.09375,0,0.078125,0,0.078125,0,0.0625,0,0.09375,0,0.0625,0,0.078125,0,0.0625,0,0.09375,0.2,0.125,0.866667,0.0625,0,0.0625,0,0.078125,0,0.078125,0,0.078125,0,0.078125,0,0.078125,0,0.109375,0.2,0.0625,0,0.09375,0,0.0625,0.733333,0.078125,0,0.0625,0,0.0625,0,0.109375,0.882843,0.078125,0,0.09375,0,0.09375,0,0.109375,0,0.078125,0,0.109375,0,0.09375,0.2,0.109375,0.666667,0.09375,0,0.078125,0,0.09375,0,0.125,0.921895,0.09375,0,0.078125,0,0.078125,0.666667,0.09375,0,0.09375,0,0.109375,0.2,0.09375,0,0.078125,0,0.09375,0,0.078125,0,0.09375,0,0.09375,0,0.09375,0,0.125,0.666667,0.078125,0,0.078125,0.666667,0.078125,0,0.09375,0,0.09375,0,
68,100,2,0.09375,0,0.09375,0,0.078125,0,0.078125,0,0.109375,0.266667,0.0625,0,0.078125,0,0.078125,0,0.0625,0,0.078125,0,0.09375,0,0.125,0.666667,0.078125,0.133333,0.078125,0,0.09375,0,0.078125,0.133333,0.078125,0,0.078125,0,0.078125,0,0.09375,0,0.0625,0,0.09375,0,0.09375,0,0.078125,0,0.078125,0,0.09375,0.666667,0.078125,0,0.09375,0,0.078125,0,0.0625,0,0.078125,0,0.0625,0,0.09375,0.2,0.078125,0,0.09375,0,0.046875,0,0.0625,0.733333,0.0625,0,0.09375,0,0.09375,0,0.09375,0,0.09375,0,0.125,0.666667,0.078125,0,0.09375,0,0.09375,0.2,0.046875,0.866667,0.09375,0,0.078125,0,0.109375,0.0666667,0.09375,1.20948,0.109375,0.733333,0.078125,0,0.09375,0,0.078125,0,0.078125,0,0.0625,0,0.078125,0,0.078125,0,0.09375,0,0.09375,0.866667,0.09375,0,0.0625,0,0.09375,0,0.078125,0,0.09375,0,0.09375,0,0.109375,0.0666667,0.09375,0,0.109375,0.266667,0.078125,0,0.0625,0,0.078125,0,0.109375,0.0666667,0.09375,0,0.0625,0,0.046875,0,0.09375,0.666667,0.09375,0,0.109375,0.6,0.078125,0.933333,0.109375,0,0.09375,0,0.109375,0,0.078125,0,0.09375,0.6,0.09375,0,0.0625,0,0.09375,0,0.09375,0,0.0625,0.933333,0.078125,0,0.078125,0,0.078125,0,0.125,0.666667,0.0625,0,0.109375,0,0.09375,0,0.09375,0,0.09375,0,
69,100,2,0.0625,0,0.09375,0,0.0625,0,0.078125,0,0.078125,0.666667,0.0625,0,0.078125,0,0.078125,0,0.09375,0.533333,0.09375,0,0.0625,0,0.09375,0,0.078125,0.8,0.09375,0,0.109375,0,0.09375,0,0.125,1.3347,0.0625,0,0.09375,0,0.09375,0,0.078125,0,0.078125,0,0.09375,0,0.09375,0,0.09375,0,0.125,0.694281,0.078125,0,0.078125,0,0.09375,0,0.0625,0,0.09375,0.466667,0.09375,0,0.078125,0,0.0625,0,0.109375,0.533333,0.109375,0,0.078125,0.133333,0.109375,0,0.078125,0,0.078125,0,0.078125,0,0.09375,0,0.078125,0,0.09375,0,0.109375,0.533333,0.078125,0,0.125,0.694281,0.078125,0,0.078125,0,0.0625,0,0.09375,0,0.09375,0,0.09375,0,0.078125,0,0.078125,0,0.0625,0,0.09375,0,0.078125,0,0.078125,0,0.078125,0,0.046875,0,0.0625,0,0.109375,0.533333,0.109375,0.133333,0.09375,0,0.078125,0,0.09375,0.466667,0.109375,0.133333,0.109375,0.133333,0.09375,0.466667,0.078125,0,0.09375,0,0.078125,0.666667,0.0625,0,0.078125,0,0.078125,0,0.0625,0,0.078125,0,0.109375,0,0.09375,0.4,0.078125,0,0.078125,0.866667,0.0625,0,0.09375,0,0.109375,0,0.09375,0,0.09375,0,0.09375,0,0.109375,0,0.109375,0.533333,0.078125,0,0.09375,0.4,0.125,0.8,0.09375,0,0.109375,0.8,0.0625,0,0.046875,0,0.078125,0.666667,0.09375,0.4,0.109375,0.666667,
70,100,2,0.078125,0,0.078125,0,0.078125,0,0.125,0.933333,0.109375,0.6,0.078125,0,0.109375,0,0.09375,0,0.09375,0.533333,0.078125,0,0.125,1.09902,0.109375,0.0666667,0.0625,0,0.09375,0.133333,0.125,0.666667,0.109375,0.666667,0.0625,0,0.0625,0.733333,0.109375,0.960948,0.0625,0,0.09375,0.866667,0.078125,0,0.109375,0,0.09375,0,0.0625,0,0.078125,0,0.078125,0,0.078125,0,0.09375,0.933333,0.109375,0.6,0.0625,0,0.109375,0.666667,0.078125,0,0.109375,0,0.09375,0,0.09375,0,0.09375,0.6,0.078125,0.133333,0.09375,0,0.0625,0,0.078125,0,0.09375,0,0.09375,0,0.109375,0.666667,0.09375,0.866667,0.078125,0,0.109375,0.933333,0.09375,0,0.0625,0,0.109375,0,0.09375,0,0.078125,0,0.078125,0,0.09375,0.533333,0.09375,0.533333,0.078125,0,0.078125,0,0.046875,0,0.078125,0,0.09375,0,0.0625,0,0.09375,0,0.078125,1.15425,0.109375,0,0.09375,0,0.0625,0,0.109375,0,0.0625,0,0.078125,0,0.109375,0,0.0625,0,0.09375,0,0.09375,0.133333,0.078125,0,0.09375,0,0.078125,0,0.09375,0,0.109375,0.666667,0.078125,0,0.0625,0,0.125,0.666667,0.09375,0,0.0625,0,0.09375,0,0.078125,0,0.109375,0,0.0625,0,0.078125,0,0.09375,0,0.0625,0,0.078125,0,0.078125,0,0.09375,0,0.09375,0,0.0625,0.866667,0.125,1.14281,0.109375,0,0.0625,0,0.078125,0,0.078125,0,
71,100,2,0.109375,0,0.09375,0,0.09375,0,0.125,0.666667,0.09375,0.266667,0.078125,0,0.078125,0,0.109375,0,0.078125,0,0.078125,0,0.0625,0.666667,0.09375,0,0.109375,0,0.078125,0,0.078125,0,0.09375,0,0.109375,0,0.109375,0.8,0.125,0.666667,0.0625,0,0.09375,0,0.0625,0,0.09375,0.266667,0.09375,0.933333,0.078125,0.133333,0.0625,0,0.09375,0,0.0625,0,0.0625,0,0.09375,0,0.0625,0,0.078125,0,0.078125,0,0.078125,0,0.109375,0,0.078125,0,0.078125,0,0.09375,0,0.109375,0,0.078125,0,0.0625,0,0.09375,0,0.09375,0,0.09375,0.533333,0.09375,0.466667,0.078125,0,0.109375,1.15425,0.0625,0,0.109375,0,0.078125,1.01618,0.046875,0.866667,0.09375,0,0.09375,0.933333,0.078125,0,0.09375,0,0.109375,0.4,0.09375,0,0.09375,0,0.078125,0,0.09375,0,0.109375,0.0666667,0.078125,0,0.109375,0,0.078125,0,0.09375,0.866667,0.0625,0,0.078125,0,0.078125,0,0.078125,0.6,0.078125,0,0.109375,0,0.109375,0,0.09375,0,0.078125,0,0.078125,0,0.078125,0,0.078125,0,0.09375,0.266667,0.09375,0,0.09375,0,0.0625,0,0.125,1.29232,0.078125,0,0.0625,0,0.109375,0.666667,0.109375,0,0.078125,0.866667,0.09375,0,0.046875,0,0.109375,0,0.09375,0,0.078125,0,0.078125,0,0.0625,0,0.09375,0,0.109375,0,0.09375,0,0.078125,0,0.09375,0,0.09375,1.29232,
72,100,2,0.078125,0,0.078125,0,0.078125,0,0.078125,0,0.09375,0,0.125,0.866667,0.0625,0.666667,0.078125,0,0.078125,0,0.0625,0,0.078125,0,0.078125,0,0.109375,0,0.09375,0,0.078125,0.866667,0.109375,0,0.09375,0,0.09375,0,0.078125,0,0.078125,0,0.125,0.6,0.078125,0,0.09375,0,0.046875,0,0.078125,0,0.078125,0,0.078125,0,0.09375,0,0.109375,0,0.125,0.6,0.109375,0.533333,0.078125,0,0.078125,0,0.09375,0.4,0.09375,0,0.078125,0,0.09375,0,0.09375,0,0.078125,0,0.125,1.31993,0.078125,0,0.078125,0,0.078125,0,0.09375,0,0.0625,0,0.09375,0.866667,0.09375,0,0.09375,0,0.0625,0,0.09375,0,0.078125,0,0.078125,0,0.09375,0,0.0625,0,0.09375,0,0.09375,0,0.09375,0,0.09375,0,0.0625,0.8,0.078125,0,0.078125,0,0.09375,0,0.109375,0,0.078125,0.8,0.109375,0.333333,0.09375,0,0.09375,0,0.078125,0,0.0625,0,0.09375,0.933333,0.09375,0,0.09375,0,0.09375,0,0.109375,0,0.109375,0.6,0.078125,0,0.078125,0,0.078125,0,0.078125,0,0.109375,0.6,0.09375,0,0.09375,0,0.109375,0,0.09375,0,0.078125,0,0.078125,0,0.09375,0,0.09375,0.4,0.109375,0,0.09375,0,0.109375,0.0666667,0.09375,0,0.09375,0,0.0625,0,0.09375,0.8,0.078125,0,0.09375,0,0.09375,0,0.078125,0,0.0625,0,
73,100,2,0.09375,0.333333,0.125,0.6,0.078125,0,0.09375,0,0.0625,0,0.109375,0,0.09375,1.03235,0.0625,0,0.09375,0,0.078125,0,0.078125,0,0.109375,0.666667,0.078125,0,0.09375,0,0.09375,0,0.109375,0,0.09375,0,0.109375,0,0.0625,0,0.078125,0.0666667,0.09375,0,0.078125,0,0.078125,0,0.0625,0,0.0625,0,0.046875,0,0.078125,0,0.09375,0.777124,0.109375,0.466667,0.09375,0.733333,0.09375,0,0.078125,0,0.09375,0.333333,0.09375,0,0.109375,0,0.140625,1.00474,0.078125,0,0.109375,0.666667,0.0625,0.6,0.09375,0,0.078125,0,0.0625,0,0.0625,0,0.078125,0,0.078125,0.733333,0.0625,0,0.09375,0.733333,0.0625,0,0.078125,0.733333,0.109375,0,0.09375,0,0.09375,0,0.09375,0.333333,0.0625,0,0.078125,0,0.09375,0,0.09375,0,0.0625,0,0.046875,0,0.09375,0,0.09375,0,0.078125,0,0.078125,0,0.109375,0,0.0625,0,0.109375,0.333333,0.078125,0,0.09375,0,0.09375,0,0.0625,0,0.09375,0.733333,0.09375,0,0.09375,0,0.125,0.949509,0.0625,0,0.09375,0,0.109375,0,0.0625,0,0.078125,0,0.09375,0.333333,0.125,0.6,0.078125,0,0.0625,0,0.078125,0.866667,0.125,0.6,0.09375,0.933333,0.109375,0.666667,0.046875,0,0.078125,0,0.09375,0,0.0625,0.6,0.078125,0,0.109375,0,0.09375,0,0.09375,0,0.09375,0,0.09375,0,0.109375,0,0.0625,0.733333,0.078125,0.933333,
74,100,2,0.09375,0.533333,0.09375,0,0.125,0.8,0.09375,0,0.109375,0.2,0.078125,0,0.109375,1.00474,0.078125,0,0.09375,0,0.078125,0,0.0625,0,0.09375,0,0.0625,0.4,0.09375,0,0.109375,0.733333,0.078125,0,0.109375,0,0.078125,0,0.109375,1.15425,0.078125,0,0.109375,0,0.078125,0,0.109375,0.6,0.078125,0,0.078125,0,0.09375,0,0.09375,0,0.09375,0,0.09375,0,0.109375,0,0.078125,0,0.078125,0,0.078125,0,0.078125,0,0.0625,0,0.09375,0,0.09375,0,0.078125,0,0.078125,0,0.09375,0,0.09375,0,0.078125,0,0.109375,0.666667,0.09375,0,0.078125,0,0.078125,0,0.09375,0,0.0625,0,0.09375,0,0.078125,0,0.0625,0.4,0.09375,0,0.078125,0,0.09375,0.266667,0.078125,0,0.078125,0,0.078125,0,0.078125,0,0.078125,0,0.09375,0.0666667,0.09375,0,0.078125,0,0.09375,0,0.109375,0,0.078125,0,0.09375,0.266667,0.09375,0,0.125,0.6,0.0625,0,0.09375,0,0.125,0.6,0.078125,0,0.09375,0.8,0.0625,0,0.078125,0,0.109375,0,0.0625,0.4,0.078125,0.0666667,0.078125,0,0.078125,0.6,0.125,0.8,0.0625,0,0.078125,0,0.078125,0,0.109375,0,0.109375,0.2,0.0625,0,0.09375,0,0.078125,0,0.078125,0,0.078125,0,0.078125,0,0.109375,0.466667,0.09375,0,0.09375,0,0.09375,0,0.109375,0,0.09375,0.866667,0.109375,0.6,0.09375,0.4,
